treatment,inoculum,Plant,Sample Id,Operator,Analysis Date Time,ImageFileName,ImageAcqDeviceAndSoftwareInfo DateTimeModified,AnalysedRegionArea(cm2),AnalysedRegionWidth(cm),AnalysedRegionHeight(cm),Left Top Right Bottom  NExclusions,DevOrder Criteria,ImgType CalibMeth TPU Units PxSizeH PxSizeV [CalFile],PxClassif,Filters,Fractal PxMin PxMax,SoilVol(m3),Length(cm),LengthTen(cm),ProjArea(cm2),ProjAreaTen(cm2)/RatioLeafToRootArea,SurfArea(cm2),SurfAreaTen(cm2),AvgDiam(mm),AvgDiamTen(mm),LenPerVol(cm/m3),LenPerVolTen(cm/m3),RootVolume(cm3),FractalDimension,FractalDeviation,Tips,Forks,Crossings,NofLinks,NLinksIL,NLinksEE,NLinksEEL,NLinksEI,NLinksII,LengthLinksIL,LengthLinksEE,LengthLinksEEL,LengthLinksEI,LengthLinksII,Altitude,ExternalPathLength,LinkAvgLength(cm),LinkAvgProjArea(cm2),LinkAvgSurfArea(cm2),LinkAvgDiam(mm),LinkAvgBrAngle(deg),NofNodules,LeafArea,...53,NAxis,Main NAxis,Main TotLength,Lateral NAxis,Lateral TotLength,Tertiary NAxis,Tertiary TotLength,NSeedlings/Seedling#,NumberOfClasses,ClassBoundaries,LenTotHistoClasses,0<.L.<=0.5000000,0.5000000<.L.<=1.0000000,1.0000000<.L.<=1.5000000,1.5000000<.L.<=2.0000000,2.0000000<.L.<=2.5000000,2.5000000<.L.<=3.0000000,3.0000000<.L.<=3.5000000,3.5000000<.L.<=4.0000000,4.0000000<.L.<=4.5000000,.L.>4.5000000,SATotHistoClasses,0<.SA.<=0.5000000,0.5000000<.SA.<=1.0000000,1.0000000<.SA.<=1.5000000,1.5000000<.SA.<=2.0000000,2.0000000<.SA.<=2.5000000,2.5000000<.SA.<=3.0000000,3.0000000<.SA.<=3.5000000,3.5000000<.SA.<=4.0000000,4.0000000<.SA.<=4.5000000,.SA.>4.5000000,PATotHistoClasses,0<.PA.<=0.5000000,0.5000000<.PA.<=1.0000000,1.0000000<.PA.<=1.5000000,1.5000000<.PA.<=2.0000000,2.0000000<.PA.<=2.5000000,2.5000000<.PA.<=3.0000000,3.0000000<.PA.<=3.5000000,3.5000000<.PA.<=4.0000000,4.0000000<.PA.<=4.5000000,.PA.>4.5000000,VolTotHistoClasses,0<.V.<=0.5000000,0.5000000<.V.<=1.0000000,1.0000000<.V.<=1.5000000,1.5000000<.V.<=2.0000000,2.0000000<.V.<=2.5000000,2.5000000<.V.<=3.0000000,3.0000000<.V.<=3.5000000,3.5000000<.V.<=4.0000000,4.0000000<.V.<=4.5000000,.V.>4.5000000,0<.T.<=0.5000000,0.5000000<.T.<=1.0000000,1.0000000<.T.<=1.5000000,1.5000000<.T.<=2.0000000,2.0000000<.T.<=2.5000000,2.5000000<.T.<=3.0000000,3.0000000<.T.<=3.5000000,3.5000000<.T.<=4.0000000,4.0000000<.T.<=4.5000000,.T.>4.5000000,GrpName...118,Background,GrpName...120,Root,GrpName...122,NotUsed
NT,NI,1,NI_NT1,Davide,18/04/2024 10:45:28,ScannerOrCamera,EPSON EPSON Scan 2 EPSON Expression 12000XL 2.2 V6.6 6.6.64.35952,1084.6074,27.8928,38.8848,0 0 6592 9190  0,MAG ANG DIAM LEN,Grey Intr cm 0.004231 0.004231,GreyThdAutom-137,Smooth Off Area Off LWRatio Off,Off,0.006,2621.4726,0,89.5203,0,281.2362,0,0.3415,0,436912.1069,0,2.401,0,0,10385,13282,2674,NA,NA,NA,NA,NA,NA,NA,NA,NA,NA,NA,NA,NA,NA,NA,NA,NA,NA,0,NA,NA,NA,NA,NA,NA,NA,NA,NA,NA,10,0.0000000 0.5000000 1.0000000 1.5000000 2.0000000 2.5000000 3.0000000 3.5000000 4.0000000 4.5000000,2620.8198,2305.1004,235.9958,32.1041,15.6394,10.3456,8.1229,2.1925,0.1314,0.2445,10.9431,256.7843,149.0035,48.0649,12.2515,8.5433,7.2024,6.8488,2.1603,0.1607,0.3209,22.2281,81.737,47.4293,15.2995,3.8998,2.7194,2.2926,2.18,0.6876,0.0511,0.1021,7.0754,7.3216,1.0005,0.8066,0.3768,0.3743,0.4009,0.4607,0.1696,0.0157,0.0335,3.683,10285,80,11,2,0,0,3,0,1,3,NA,NA,NA,NA,NA,NA
NT,NI,2,NI_NT2,Davide,18/04/2024 11:05:55,ScannerOrCamera,EPSON EPSON Scan 2 EPSON Expression 12000XL 2.2 V6.6 6.6.64.35952,1084.6074,27.8928,38.8848,0 0 6592 9190  0,MAG ANG DIAM LEN,Grey Intr cm 0.004231 0.004231,GreyThdAutom-138,Smooth Off Area Off LWRatio Off,Off,0.006,3321.3667,0,91.0119,0,285.9222,0,0.274,0,553561.1182,0,1.959,0,0,19046,21019,4529,NA,NA,NA,NA,NA,NA,NA,NA,NA,NA,NA,NA,NA,NA,NA,NA,NA,NA,0,NA,NA,NA,NA,NA,NA,NA,NA,NA,NA,10,0.0000000 0.5000000 1.0000000 1.5000000 2.0000000 2.5000000 3.0000000 3.5000000 4.0000000 4.5000000,3320.2799,3049.261,201.3558,44.0381,5.2972,0.8621,0.5126,1.2382,2.1761,2.862,12.6769,258.571,164.1743,42.2423,16.5043,2.7643,0.6125,0.4418,1.3086,2.6218,3.8769,24.0244,82.3057,52.2583,13.4461,5.2535,0.8799,0.195,0.1406,0.4165,0.8345,1.2341,7.6472,6.8402,0.9939,0.7332,0.4995,0.1156,0.0348,0.0303,0.1103,0.2517,0.4185,3.6524,18902,122,14,1,1,1,1,0,0,3,NA,NA,NA,NA,NA,NA
NT,NI,3,NI_NT3,Davide,18/04/2024 11:15:31,ScannerOrCamera,EPSON EPSON Scan 2 EPSON Expression 12000XL 2.2 V6.6 6.6.64.35952,1084.6074,27.8928,38.8848,0 0 6592 9190  0,MAG ANG DIAM LEN,Grey Intr cm 0.004231 0.004231,GreyThdAutom-140,Smooth Off Area Off LWRatio Off,Off,0.006,1453.6453,0,35.3799,0,111.1492,0,0.2434,0,242274.2135,0,0.676,0,0,14200,9281,1797,NA,NA,NA,NA,NA,NA,NA,NA,NA,NA,NA,NA,NA,NA,NA,NA,NA,NA,0,NA,NA,NA,NA,NA,NA,NA,NA,NA,NA,10,0.0000000 0.5000000 1.0000000 1.5000000 2.0000000 2.5000000 3.0000000 3.5000000 4.0000000 4.5000000,1452.8264,1333.9888,79.7444,14.7073,6.4511,1.0561,1.1754,5.2951,8.992,1.394,0.0222,101.5177,56.4079,16.0861,5.691,3.4566,0.7703,1.0254,5.5626,10.6808,1.8054,0.0316,32.3141,17.9552,5.1204,1.8115,1.1003,0.2452,0.3264,1.7706,3.3998,0.5747,0.0101,2.6683,0.2926,0.2673,0.1774,0.1484,0.045,0.0714,0.4656,1.011,0.1862,0.0036,14116,62,12,0,2,1,1,4,2,0,NA,NA,NA,NA,NA,NA
NT,NI,4,NI_NT4,Davide,18/04/2024 11:37:53,ScannerOrCamera,EPSON EPSON Scan 2 EPSON Expression 12000XL 2.2 V6.6 6.6.64.35952,1084.6074,27.8928,38.8848,0 0 6592 9190  0,MAG ANG DIAM LEN,Grey Intr cm 0.004231 0.004231,GreyThdAutom-138,Smooth Off Area Off LWRatio Off,Off,0.006,4928.4484,0,124.0404,0,389.6844,0,0.2517,0,821408.0598,0,2.452,0,0,23928,37628,9037,NA,NA,NA,NA,NA,NA,NA,NA,NA,NA,NA,NA,NA,NA,NA,NA,NA,NA,0,NA,NA,NA,NA,NA,NA,NA,NA,NA,NA,10,0.0000000 0.5000000 1.0000000 1.5000000 2.0000000 2.5000000 3.0000000 3.5000000 4.0000000 4.5000000,4926.7816,4624.3073,246.2027,33.3161,7.7151,0.875,0.7045,2.0805,1.0728,0.4559,10.0518,347.3782,253.1631,49.6949,12.7614,4.0652,0.6105,0.6438,2.1246,1.2575,0.598,22.4592,110.5739,80.5843,15.8184,4.0621,1.294,0.1943,0.2049,0.6763,0.4003,0.1904,7.149,7.3739,1.534,0.8281,0.3944,0.1714,0.0339,0.0469,0.1731,0.1174,0.0625,4.0121,23779,133,12,1,0,0,1,0,0,2,NA,NA,NA,NA,NA,NA
NT,NI,5,NI_NT5,Davide,18/04/2024 13:16:37,ScannerOrCamera,EPSON EPSON Scan 2 EPSON Expression 12000XL 2.2 V6.6 6.6.64.35952,1084.6074,27.8928,38.8848,0 0 6592 9190  0,MAG ANG DIAM LEN,Grey Intr cm 0.004231 0.004231,GreyThdAutom-139,Smooth Off Area Off LWRatio Off,Off,0.006,2527.2398,0,68.746,0,215.9719,0,0.272,0,421206.6338,0,1.469,0,0,27115,16204,2707,NA,NA,NA,NA,NA,NA,NA,NA,NA,NA,NA,NA,NA,NA,NA,NA,NA,NA,0,NA,NA,NA,NA,NA,NA,NA,NA,NA,NA,10,0.0000000 0.5000000 1.0000000 1.5000000 2.0000000 2.5000000 3.0000000 3.5000000 4.0000000 4.5000000,2525.3766,2376.4281,89.7734,17.1563,5.404,8.7263,3.1124,1.5573,1.7674,8.7789,12.6725,191.9582,118.4336,18.1183,6.4162,2.7756,6.1756,2.6901,1.5697,2.0668,11.7791,21.9332,61.1022,37.6986,5.7672,2.0423,0.8835,1.9658,0.8563,0.4997,0.6579,3.7494,6.9816,6.6861,0.6847,0.302,0.1934,0.1139,0.3488,0.1859,0.1262,0.1926,1.2594,3.2793,27021,72,9,4,4,3,0,0,1,1,NA,NA,NA,NA,NA,NA
NT,NI,6,NI_NT6,Davide,18/04/2024 13:28:37,ScannerOrCamera,EPSON EPSON Scan 2 EPSON Expression 12000XL 2.2 V6.6 6.6.64.35952,1084.6074,27.8928,38.8848,0 0 6592 9190  0,MAG ANG DIAM LEN,Grey Intr cm 0.004231 0.004231,GreyThdAutom-139,Smooth Off Area Off LWRatio Off,Off,0.006,2974.6118,0,80.0287,0,251.4176,0,0.269,0,495768.626,0,1.691,0,0,25666,19034,3651,NA,NA,NA,NA,NA,NA,NA,NA,NA,NA,NA,NA,NA,NA,NA,NA,NA,NA,0,NA,NA,NA,NA,NA,NA,NA,NA,NA,NA,10,0.0000000 0.5000000 1.0000000 1.5000000 2.0000000 2.5000000 3.0000000 3.5000000 4.0000000 4.5000000,2973.5719,2728.7653,187.0049,20.7146,12.4417,2.9363,1.6786,0.2484,3.1244,2.2732,14.3845,224.3937,134.4645,38.4776,8.0006,6.6042,2.0853,1.4124,0.2438,3.6875,3.1085,26.3093,71.4267,42.8014,12.2478,2.5467,2.1022,0.6638,0.4496,0.0776,1.1738,0.9895,8.3745,6.7277,0.7575,0.6508,0.2496,0.2807,0.1184,0.0947,0.0191,0.347,0.3385,3.8714,25538,107,15,4,0,1,0,0,0,1,NA,NA,NA,NA,NA,NA
NT,NI,7,NI_NT7,Davide,18/04/2024 13:41:26,ScannerOrCamera,EPSON EPSON Scan 2 EPSON Expression 12000XL 2.2 V6.6 6.6.64.35952,1084.6074,27.8928,38.8848,0 0 6592 9190  0,MAG ANG DIAM LEN,Grey Intr cm 0.004231 0.004231,GreyThdAutom-142,Smooth Off Area Off LWRatio Off,Off,0.006,3154.6907,0,62.9082,0,197.6318,0,0.1994,0,525781.7792,0,0.985,0,0,27305,16735,4044,NA,NA,NA,NA,NA,NA,NA,NA,NA,NA,NA,NA,NA,NA,NA,NA,NA,NA,0,NA,NA,NA,NA,NA,NA,NA,NA,NA,NA,10,0.0000000 0.5000000 1.0000000 1.5000000 2.0000000 2.5000000 3.0000000 3.5000000 4.0000000 4.5000000,3153.5941,3043.5928,89.6252,7.581,1.1417,0.5527,0.0265,0.5635,0.6164,0.7029,9.1913,175.1125,134.6022,18.6473,2.6856,0.5905,0.3743,0.026,0.595,0.7128,0.9563,15.9225,55.74,42.8452,5.9356,0.8549,0.188,0.1191,0.0083,0.1894,0.2269,0.3044,5.0683,3.5545,0.6907,0.3203,0.0766,0.0244,0.0202,0.002,0.05,0.0656,0.1037,2.201,27228,65,10,2,0,0,0,0,0,0,NA,NA,NA,NA,NA,NA
NT,NI,8,NI_NT8,Davide,18/04/2024 13:54:54,ScannerOrCamera,EPSON EPSON Scan 2 EPSON Expression 12000XL 2.2 V6.6 6.6.64.35952,1084.6074,27.8928,38.8848,0 0 6592 9190  0,MAG ANG DIAM LEN,Grey Intr cm 0.004231 0.004231,GreyThdAutom-139,Smooth Off Area Off LWRatio Off,Off,0.006,2990.9912,0,82.1952,0,258.2239,0,0.2748,0,498498.5321,0,1.774,0,0,22913,18463,3755,NA,NA,NA,NA,NA,NA,NA,NA,NA,NA,NA,NA,NA,NA,NA,NA,NA,NA,0,NA,NA,NA,NA,NA,NA,NA,NA,NA,NA,10,0.0000000 0.5000000 1.0000000 1.5000000 2.0000000 2.5000000 3.0000000 3.5000000 4.0000000 4.5000000,2990.0114,2742.5982,172.0561,36.1131,12.5094,5.9071,5.9241,2.7119,0.5726,0.0476,11.5714,234.3356,136.8778,36.411,14.0343,6.7234,4.1909,4.9515,2.7498,0.6542,0.0627,27.68,74.5913,43.5696,11.59,4.4673,2.1401,1.334,1.5761,0.8753,0.2082,0.02,8.8108,8.3129,0.7659,0.6351,0.4397,0.2899,0.238,0.3301,0.2224,0.0595,0.0066,5.3256,22818,79,7,3,2,0,0,0,0,4,NA,NA,NA,NA,NA,NA
NT,NI,9,NI_NT9,Davide,18/04/2024 14:08:42,ScannerOrCamera,EPSON EPSON Scan 2 EPSON Expression 12000XL 2.2 V6.6 6.6.64.35952,1084.6074,27.8928,38.8848,0 0 6592 9190  0,MAG ANG DIAM LEN,Grey Intr cm 0.004231 0.004231,GreyThdAutom-140,Smooth Off Area Off LWRatio Off,Off,0.006,3130.556,0,76.9129,0,241.629,0,0.2457,0,521759.3305,0,1.484,0,0,28998,20784,4167,NA,NA,NA,NA,NA,NA,NA,NA,NA,NA,NA,NA,NA,NA,NA,NA,NA,NA,0,NA,NA,NA,NA,NA,NA,NA,NA,NA,NA,10,0.0000000 0.5000000 1.0000000 1.5000000 2.0000000 2.5000000 3.0000000 3.5000000 4.0000000 4.5000000,3128.9743,2974.9156,117.2542,6.9887,1.0595,1.2027,0.9793,1.2733,0.3338,2.7818,22.1853,219.7841,142.8104,23.5985,2.5781,0.5511,0.8082,0.8596,1.3172,0.387,3.6046,43.2695,69.9595,45.458,7.5116,0.8206,0.1754,0.2572,0.2736,0.4193,0.1232,1.1474,13.7731,8.7162,0.792,0.3899,0.0766,0.0229,0.0433,0.0602,0.1087,0.0357,0.3717,6.8152,28894,86,10,1,0,0,0,0,1,6,NA,NA,NA,NA,NA,NA
NT,NI,10,NI_NT10,Davide,18/04/2024 14:21:45,ScannerOrCamera,EPSON EPSON Scan 2 EPSON Expression 12000XL 2.2 V6.6 6.6.64.35952,1084.6074,27.8928,38.8848,0 0 6592 9190  0,MAG ANG DIAM LEN,Grey Intr cm 0.004231 0.004231,GreyThdAutom-140,Smooth Off Area Off LWRatio Off,Off,0.006,2095.7589,0,58.8503,0,184.8838,0,0.2808,0,349293.1465,0,1.298,0,0,16348,8632,1858,NA,NA,NA,NA,NA,NA,NA,NA,NA,NA,NA,NA,NA,NA,NA,NA,NA,NA,0,NA,NA,NA,NA,NA,NA,NA,NA,NA,NA,10,0.0000000 0.5000000 1.0000000 1.5000000 2.0000000 2.5000000 3.0000000 3.5000000 4.0000000 4.5000000,2095.266,1967.1176,55.0287,18.3853,24.7381,11.4792,3.935,2.5758,2.0162,9.4247,0.5653,166.5241,104.5584,11.4318,7.4313,13.4931,8.0989,3.3343,2.5858,2.3956,12.3623,0.8327,53.0063,33.282,3.6389,2.3654,4.295,2.578,1.0613,0.8231,0.7625,3.935,0.265,4.1278,0.5949,0.1967,0.2418,0.5894,0.4567,0.2251,0.207,0.2269,1.2916,0.0977,16294,37,5,6,3,1,0,1,0,1,NA,NA,NA,NA,NA,NA
NT,NI,11,NI_NT11,Davide,18/04/2024 14:40:44,ScannerOrCamera,EPSON EPSON Scan 2 EPSON Expression 12000XL 2.2 V6.6 6.6.64.35952,1084.6074,27.8928,38.8848,0 0 6592 9190  0,MAG ANG DIAM LEN,Grey Intr cm 0.004231 0.004231,GreyThdAutom-135,Smooth Off Area Off LWRatio Off,Off,0.006,3763.0479,0,127.0742,0,399.2154,0,0.3377,0,627174.6453,0,3.37,0,0,33129,36292,6016,NA,NA,NA,NA,NA,NA,NA,NA,NA,NA,NA,NA,NA,NA,NA,NA,NA,NA,0,NA,NA,NA,NA,NA,NA,NA,NA,NA,NA,10,0.0000000 0.5000000 1.0000000 1.5000000 2.0000000 2.5000000 3.0000000 3.5000000 4.0000000 4.5000000,3760.8938,3302.8903,311.4483,66.7092,36.5095,9.0742,2.146,0.6387,2.081,3.1153,26.2813,358.3547,182.4857,65.0865,25.1188,19.4158,6.1956,1.7712,0.6692,2.5041,4.2295,50.8783,114.0678,58.087,20.7177,7.9956,6.1802,1.9721,0.5638,0.213,0.7971,1.3463,16.1951,13.0695,1.1604,1.1246,0.762,0.8264,0.3379,0.1166,0.0558,0.2399,0.4576,7.9883,32798,270,38,9,4,1,0,0,1,8,NA,NA,NA,NA,NA,NA
NT,NI,12,NI_NT12,Davide,18/04/2024 14:53:43,ScannerOrCamera,EPSON EPSON Scan 2 EPSON Expression 12000XL 2.2 V6.6 6.6.64.35952,1084.6074,27.8928,38.8848,0 0 6592 9190  0,MAG ANG DIAM LEN,Grey Intr cm 0.004231 0.004231,GreyThdAutom-137,Smooth Off Area Off LWRatio Off,Off,0.006,3013.4435,0,89.8334,0,282.22,0,0.2981,0,502240.5859,0,2.103,0,0,33982,17289,2877,NA,NA,NA,NA,NA,NA,NA,NA,NA,NA,NA,NA,NA,NA,NA,NA,NA,NA,0,NA,NA,NA,NA,NA,NA,NA,NA,NA,NA,10,0.0000000 0.5000000 1.0000000 1.5000000 2.0000000 2.5000000 3.0000000 3.5000000 4.0000000 4.5000000,3011.9146,2721.7899,196.9038,49.0468,14.9641,9.2481,3.6208,0.5953,0.1057,0.6482,14.992,260.1631,144.975,42.1582,18.1043,8.0198,6.4942,3.0726,0.6119,0.1225,0.8686,35.7362,82.8125,46.147,13.4194,5.7628,2.5528,2.0672,0.978,0.1948,0.039,0.2765,11.3752,10.0657,0.8735,0.747,0.5381,0.3441,0.3642,0.2082,0.0502,0.0113,0.0927,6.8364,33788,156,17,6,5,0,1,0,1,8,NA,NA,NA,NA,NA,NA
NT,NI,13,NI_NT13,Davide,18/04/2024 15:03:25,ScannerOrCamera,EPSON EPSON Scan 2 EPSON Expression 12000XL 2.2 V6.6 6.6.64.35952,1084.6074,27.8928,38.8848,0 0 6592 9190  0,MAG ANG DIAM LEN,Grey Intr cm 0.004231 0.004231,GreyThdAutom-141,Smooth Off Area Off LWRatio Off,Off,0.006,2918.4503,0,67.7719,0,212.9118,0,0.2322,0,486408.3819,0,1.236,0,0,35990,18140,3553,NA,NA,NA,NA,NA,NA,NA,NA,NA,NA,NA,NA,NA,NA,NA,NA,NA,NA,0,NA,NA,NA,NA,NA,NA,NA,NA,NA,NA,10,0.0000000 0.5000000 1.0000000 1.5000000 2.0000000 2.5000000 3.0000000 3.5000000 4.0000000 4.5000000,2916.9521,2765.0201,125.8355,10.651,2.4805,1.9515,0.1969,0.0137,0,0.1107,10.6922,188.7385,136.4165,25.635,3.9112,1.3311,1.4603,0.1637,0.0137,0,0.145,19.662,60.0773,43.4227,8.1599,1.245,0.4237,0.4648,0.0521,0.0044,0,0.0462,6.2586,4.4176,0.7793,0.4295,0.1156,0.0572,0.0872,0.0108,0.0011,0,0.0151,2.9218,35861,118,6,1,0,1,0,0,0,3,NA,NA,NA,NA,NA,NA
NT,NI,14,NI_NT14,Davide,18/04/2024 15:24:10,ScannerOrCamera,EPSON EPSON Scan 2 EPSON Expression 12000XL 2.2 V6.6 6.6.64.35952,1084.6074,27.8928,38.8848,0 0 6592 9190  0,MAG ANG DIAM LEN,Grey Intr cm 0.004231 0.004231,GreyThdAutom-140,Smooth Off Area Off LWRatio Off,Off,0.006,4668.6708,0,103.6855,0,325.7376,0,0.2221,0,778111.7992,0,1.809,0,0,40793,40008,9838,NA,NA,NA,NA,NA,NA,NA,NA,NA,NA,NA,NA,NA,NA,NA,NA,NA,NA,0,NA,NA,NA,NA,NA,NA,NA,NA,NA,NA,10,0.0000000 0.5000000 1.0000000 1.5000000 2.0000000 2.5000000 3.0000000 3.5000000 4.0000000 4.5000000,4666.2922,4409.0074,215.9672,16.1183,4.9662,3.2496,2.3482,1.1094,0.3947,0.7205,12.4105,288.5398,201.7872,43.5181,6.0387,2.651,2.354,2.0086,1.1299,0.4498,0.9569,27.6455,91.8451,64.2309,13.8522,1.9222,0.8438,0.7493,0.6394,0.3597,0.1432,0.3046,8.7998,7.6638,1.0856,0.7195,0.1829,0.1134,0.1363,0.1371,0.0918,0.0409,0.1011,5.0552,40699,76,9,3,0,0,0,0,1,5,NA,NA,NA,NA,NA,NA
NT,NI,15,NI_NT15,Davide,18/04/2024 15:37:20,ScannerOrCamera,EPSON EPSON Scan 2 EPSON Expression 12000XL 2.2 V6.6 6.6.64.35952,1084.6074,27.8928,38.8848,0 0 6592 9190  0,MAG ANG DIAM LEN,Grey Intr cm 0.004231 0.004231,GreyThdAutom-143,Smooth Off Area Off LWRatio Off,Off,0.006,2956.7138,0,65.7667,0,206.612,0,0.2224,0,492785.6276,0,1.149,0,0,33509,14206,2825,NA,NA,NA,NA,NA,NA,NA,NA,NA,NA,NA,NA,NA,NA,NA,NA,NA,NA,0,NA,NA,NA,NA,NA,NA,NA,NA,NA,NA,10,0.0000000 0.5000000 1.0000000 1.5000000 2.0000000 2.5000000 3.0000000 3.5000000 4.0000000 4.5000000,2955.8997,2845.7076,67.4019,10.6406,7.1859,6.6927,3.3019,0.6126,3.9707,3.0006,7.3851,182.2385,132.0764,13.6979,4.0153,3.7368,4.6769,2.7675,0.6203,4.8192,3.9882,11.8398,58.0083,42.0412,4.3602,1.2781,1.1895,1.4887,0.8809,0.1975,1.534,1.2695,3.7687,4.0948,0.6867,0.2297,0.1224,0.1554,0.2608,0.1849,0.0501,0.4658,0.4224,1.5165,33426,73,2,0,0,0,1,1,0,6,NA,NA,NA,NA,NA,NA
NT,NI,16,NI_NT16,Davide,18/04/2024 15:48:36,ScannerOrCamera,EPSON EPSON Scan 2 EPSON Expression 12000XL 2.2 V6.6 6.6.64.35952,1084.6074,27.8928,38.8848,0 0 6592 9190  0,MAG ANG DIAM LEN,Grey Intr cm 0.004231 0.004231,GreyThdAutom-138,Smooth Off Area Off LWRatio Off,Off,0.006,2572.7632,0,76.7604,0,241.1498,0,0.2984,0,428793.8692,0,1.799,0,0,27093,14391,2804,NA,NA,NA,NA,NA,NA,NA,NA,NA,NA,NA,NA,NA,NA,NA,NA,NA,NA,0,NA,NA,NA,NA,NA,NA,NA,NA,NA,NA,10,0.0000000 0.5000000 1.0000000 1.5000000 2.0000000 2.5000000 3.0000000 3.5000000 4.0000000 4.5000000,2572.0715,2351.6598,140.6324,42.9175,4.2637,2.4435,4.1223,3.9032,4.9224,0.2519,16.9548,218.5785,123.5046,30.1657,15.7388,2.2654,1.695,3.6519,3.8826,5.634,0.3235,31.7172,69.5757,39.3127,9.6021,5.0098,0.7211,0.5395,1.1624,1.2359,1.7933,0.103,10.0959,7.8139,0.7229,0.5358,0.4641,0.0965,0.094,0.2578,0.3081,0.5138,0.0331,4.7877,26975,91,10,6,2,1,1,0,0,7,NA,NA,NA,NA,NA,NA
NT,NI,17,NI_NT17,Davide,18/04/2024 15:58:43,ScannerOrCamera,EPSON EPSON Scan 2 EPSON Expression 12000XL 2.2 V6.6 6.6.64.35952,1084.6074,27.8928,38.8848,0 0 6592 9190  0,MAG ANG DIAM LEN,Grey Intr cm 0.004231 0.004231,GreyThdAutom-141,Smooth Off Area Off LWRatio Off,Off,0.006,2083.8923,0,47.3107,0,148.631,0,0.227,0,347315.3782,0,0.844,0,0,27472,11690,2064,NA,NA,NA,NA,NA,NA,NA,NA,NA,NA,NA,NA,NA,NA,NA,NA,NA,NA,0,NA,NA,NA,NA,NA,NA,NA,NA,NA,NA,10,0.0000000 0.5000000 1.0000000 1.5000000 2.0000000 2.5000000 3.0000000 3.5000000 4.0000000 4.5000000,2082.9854,1979.3818,73.0605,3.239,6.1445,2.4497,2.2579,5.0169,1.9966,3.1371000000000002,6.3013,131.4587,87.8599,14.334,1.1882,3.1902,1.7178,1.9043,5.1671,2.3995,4.193,9.5048,41.8446,27.9667,4.5627,0.3782,1.0155,0.5468,0.6061,1.6447,0.7638,1.3347,3.0255,3.3366,0.4695,0.2314,0.0351,0.1323,0.0962,0.1281,0.4242,0.2297,0.4467,1.1433,27373,84,3,4,2,2,1,1,2,0,NA,NA,NA,NA,NA,NA
NT,NI,18,NI_NT18,Davide,18/04/2024 16:08:55,ScannerOrCamera,EPSON EPSON Scan 2 EPSON Expression 12000XL 2.2 V6.6 6.6.64.35952,1084.6074,27.8928,38.8848,0 0 6592 9190  0,MAG ANG DIAM LEN,Grey Intr cm 0.004231 0.004231,GreyThdAutom-140,Smooth Off Area Off LWRatio Off,Off,0.006,2732.2371,0,77.0621,0,242.0978,0,0.282,0,455372.8429,0,1.707,0,0,24355,14448,2844,NA,NA,NA,NA,NA,NA,NA,NA,NA,NA,NA,NA,NA,NA,NA,NA,NA,NA,0,NA,NA,NA,NA,NA,NA,NA,NA,NA,NA,10,0.0000000 0.5000000 1.0000000 1.5000000 2.0000000 2.5000000 3.0000000 3.5000000 4.0000000 4.5000000,2731.0318,2570.2158,106.2191,13.7432,4.7917,4.1176,0.8097,1.778,5.7007,6.2679,17.3881,217.4369,135.7295,21.5684,4.995,2.4907,2.858,0.7101,1.8976,6.8037,8.3049,32.0788,69.2123,43.204,6.8654,1.59,0.7928,0.9097,0.226,0.604,2.1657,2.6435,10.211,8.0712,0.7904,0.3617,0.1462,0.1035,0.1583,0.0497,0.1614,0.6467,0.8763,4.7769,24280,59,7,2,1,1,0,1,0,4,NA,NA,NA,NA,NA,NA
NT,NI,19,NI_NT19,Davide,18/04/2024 16:19:59,ScannerOrCamera,EPSON EPSON Scan 2 EPSON Expression 12000XL 2.2 V6.6 6.6.64.35952,1084.6074,27.8928,38.8848,0 0 6592 9190  0,MAG ANG DIAM LEN,Grey Intr cm 0.004231 0.004231,GreyThdAutom-140,Smooth Off Area Off LWRatio Off,Off,0.006,3966.7263,0,97.6501,0,306.777,0,0.2462,0,661121.0552,0,1.888,0,0,35772,30410,6461,NA,NA,NA,NA,NA,NA,NA,NA,NA,NA,NA,NA,NA,NA,NA,NA,NA,NA,0,NA,NA,NA,NA,NA,NA,NA,NA,NA,NA,10,0.0000000 0.5000000 1.0000000 1.5000000 2.0000000 2.5000000 3.0000000 3.5000000 4.0000000 4.5000000,3964.5112,3724.3022,166.2917,31.2177,13.0899,6.9757,1.7621,2.1633,2.0357,3.0791,13.5937,268.9489,176.8364,34.5694,11.6536,7.1571,4.881,1.5404,2.2033,2.3725,4.1756,23.5596,85.6091,56.2888,11.0038,3.7095,2.2782,1.5537,0.4903,0.7013,0.7552,1.3291,7.4992,6.7609,0.989,0.5956,0.351,0.3133,0.2729,0.1077,0.1788,0.2204,0.4508,3.2815,35646,118,5,1,2,0,0,0,0,0,NA,NA,NA,NA,NA,NA
NT,NI,20,NI_NT20,Davide,18/04/2024 16:32:17,ScannerOrCamera,EPSON EPSON Scan 2 EPSON Expression 12000XL 2.2 V6.6 6.6.64.35952,1084.6074,27.8928,38.8848,0 0 6592 9190  0,MAG ANG DIAM LEN,Grey Intr cm 0.004231 0.004231,GreyThdAutom-138,Smooth Off Area Off LWRatio Off,Off,0.006,3808.0194,0,107.9365,0,339.0926,0,0.2834,0,634669.8982,0,2.403,0,0,31303,24388,4950,NA,NA,NA,NA,NA,NA,NA,NA,NA,NA,NA,NA,NA,NA,NA,NA,NA,NA,0,NA,NA,NA,NA,NA,NA,NA,NA,NA,NA,10,0.0000000 0.5000000 1.0000000 1.5000000 2.0000000 2.5000000 3.0000000 3.5000000 4.0000000 4.5000000,3806.7108,3508.1089,227.3061,33.5238,5.9833,6.8955,3.4245,1.9605,0.0233,0.4436,19.0413,299.9943,188.1261,47.742,12.2846,3.2049,4.9909,2.8759,2.0268,0.0359,0.5961,38.1112,95.4912,59.8824,15.1967,3.9103,1.0202,1.5886,0.9154,0.6451,0.0114,0.1897,12.1312,9.3352,1.1029,0.8279,0.3627,0.1375,0.2883,0.1929,0.1672,0.0041,0.0638,6.188,31198,89,11,0,1,2,2,0,0,0,NA,NA,NA,NA,NA,NA
NT,NI,21,NI_NT21,Davide,18/04/2024 16:44:15,ScannerOrCamera,EPSON EPSON Scan 2 EPSON Expression 12000XL 2.2 V6.6 6.6.64.35952,1084.6074,27.8928,38.8848,0 0 6592 9190  0,MAG ANG DIAM LEN,Grey Intr cm 0.004231 0.004231,GreyThdAutom-142,Smooth Off Area Off LWRatio Off,Off,0.006,2256.7792,0,59.0111,0,185.3889,0,0.2615,0,376129.859,0,1.212,0,0,24064,11223,1931,NA,NA,NA,NA,NA,NA,NA,NA,NA,NA,NA,NA,NA,NA,NA,NA,NA,NA,0,NA,NA,NA,NA,NA,NA,NA,NA,NA,NA,10,0.0000000 0.5000000 1.0000000 1.5000000 2.0000000 2.5000000 3.0000000 3.5000000 4.0000000 4.5000000,2255.6144,2122.7087,97.3951,13.0735,4.0233,2.0014,2.055,1.9391,0.0633,0.995,11.3601,163.6362,107.8724,19.318,4.9305,2.1542,1.4222,1.7306,2.0002,0.0662,1.403,22.7389,52.087,34.3369,6.1491,1.5694,0.6857,0.4527,0.5509,0.6367,0.0211,0.4466,7.238,5.4034,0.6046,0.3152,0.1498,0.0926,0.0807,0.1163,0.1643,0.0054,0.1573,3.7171,23978,72,9,1,0,1,1,0,0,2,NA,NA,NA,NA,NA,NA
NT,NI,22,NI_NT22,Davide,18/04/2024 17:04:41,ScannerOrCamera,EPSON EPSON Scan 2 EPSON Expression 12000XL 2.2 V6.6 6.6.64.35952,1084.6074,27.8928,38.8848,0 0 6592 9190  0,MAG ANG DIAM LEN,Grey Intr cm 0.004231 0.004231,GreyThdAutom-138,Smooth Off Area Off LWRatio Off,Off,0.006,2965.2235,0,81.0808,0,254.7227,0,0.2734,0,494203.9124,0,1.741,0,0,28813,17395,3218,NA,NA,NA,NA,NA,NA,NA,NA,NA,NA,NA,NA,NA,NA,NA,NA,NA,NA,0,NA,NA,NA,NA,NA,NA,NA,NA,NA,NA,10,0.0000000 0.5000000 1.0000000 1.5000000 2.0000000 2.5000000 3.0000000 3.5000000 4.0000000 4.5000000,2963.9951,2699.8965,203.7919,29.0661,4.3727,2.7143,2.1756,1.6459,4.0872,3.3328,12.9123,229.1833,138.3342,41.9434,10.6143,2.3626,1.9749,1.9108,1.6406,4.9574,4.4367,21.0084,72.9513,44.0332,13.351,3.3786,0.752,0.6286,0.6082,0.5222,1.578,1.4122,6.6872,6.0341,0.8216,0.7151,0.3116,0.1023,0.1146,0.1338,0.1302,0.4788,0.4707,2.7555,28675,121,10,5,0,0,0,0,0,2,NA,NA,NA,NA,NA,NA
NT,NI,23,NI_NT23,Davide,18/04/2024 17:15:24,ScannerOrCamera,EPSON EPSON Scan 2 EPSON Expression 12000XL 2.2 V6.6 6.6.64.35952,1084.6074,27.8928,38.8848,0 0 6592 9190  0,MAG ANG DIAM LEN,Grey Intr cm 0.004231 0.004231,GreyThdAutom-142,Smooth Off Area Off LWRatio Off,Off,0.006,1824.5726,0,41.0396,0,128.9298,0,0.2249,0,304095.4405,0,0.725,0,0,29510,8133,1222,NA,NA,NA,NA,NA,NA,NA,NA,NA,NA,NA,NA,NA,NA,NA,NA,NA,NA,0,NA,NA,NA,NA,NA,NA,NA,NA,NA,NA,10,0.0000000 0.5000000 1.0000000 1.5000000 2.0000000 2.5000000 3.0000000 3.5000000 4.0000000 4.5000000,1824.2821,1750.0302,56.5829,3.9641,0.6264,0.227,0.7152,0.1483,0,0.0755,11.9124,115.1323,78.7238,10.912,1.5,0.3201,0.163,0.64,0.157,0,0.1672,22.5491,36.6477,25.0586,3.4734,0.4775,0.1019,0.0519,0.2037,0.05,0,0.0532,7.1776,4.1689,0.4255,0.1728,0.0457,0.013,0.0093,0.0456,0.0132,0,0.0181,3.4256,29445,57,4,0,0,0,0,0,0,4,NA,NA,NA,NA,NA,NA
NT,NI,24,NI_NT24,Davide,18/04/2024 17:26:25,ScannerOrCamera,EPSON EPSON Scan 2 EPSON Expression 12000XL 2.2 V6.6 6.6.64.35952,1084.6074,27.8928,38.8848,0 0 6592 9190  0,MAG ANG DIAM LEN,Grey Intr cm 0.004231 0.004231,GreyThdAutom-141,Smooth Off Area Off LWRatio Off,Off,0.006,2121.7177,0,48.9504,0,153.7822,0,0.2307,0,353619.6199,0,0.887,0,0,14810,10243,1921,NA,NA,NA,NA,NA,NA,NA,NA,NA,NA,NA,NA,NA,NA,NA,NA,NA,NA,0,NA,NA,NA,NA,NA,NA,NA,NA,NA,NA,10,0.0000000 0.5000000 1.0000000 1.5000000 2.0000000 2.5000000 3.0000000 3.5000000 4.0000000 4.5000000,2121.2024,2016.1295,78.4926,9.4743,1.7219,0.8627,0.4532,0.7843,5.6735,7.2449,0.3654,137.743,98.7471,15.669,3.5561,0.9123,0.5866,0.3718,0.8216,6.8281,9.6208,0.6294,43.8449,31.4322,4.9876,1.1319,0.2904,0.1867,0.1184,0.2615,2.1735,3.0624,0.2003,2.8325,0.5457,0.2574,0.1074,0.0388,0.0319,0.0243,0.0686,0.6544,1.0174,0.0865,14726,73,7,2,0,1,0,0,1,0,NA,NA,NA,NA,NA,NA
NT,NI,25,NI_NT25,Davide,18/04/2024 17:38:40,ScannerOrCamera,EPSON EPSON Scan 2 EPSON Expression 12000XL 2.2 V6.6 6.6.64.35952,1084.6074,27.8928,38.8848,0 0 6592 9190  0,MAG ANG DIAM LEN,Grey Intr cm 0.004231 0.004231,GreyThdAutom-140,Smooth Off Area Off LWRatio Off,Off,0.006,3968.3391,0,94.3781,0,296.4977,0,0.2378,0,661389.8419,0,1.763,0,0,26845,20657,4967,NA,NA,NA,NA,NA,NA,NA,NA,NA,NA,NA,NA,NA,NA,NA,NA,NA,NA,0,NA,NA,NA,NA,NA,NA,NA,NA,NA,NA,10,0.0000000 0.5000000 1.0000000 1.5000000 2.0000000 2.5000000 3.0000000 3.5000000 4.0000000 4.5000000,3966.9508,3750.9594,159.7934,29.1031,7.6654,2.2233,0.9515,0.0164,0.5591,0.0833,15.596,269.9085,184.633,32.1719,11.0018,4.1678,1.5576,0.79,0.0138,0.6561,0.1058,34.8108,85.9146,58.7705,10.2406,3.502,1.3267,0.4958,0.2515,0.0044,0.2089,0.0337,11.0806,8.6036,1.0259,0.5346,0.3339,0.1819,0.0873,0.0523,9e-4,0.0613,0.0107,6.3148,26747,80,9,2,1,2,0,0,0,4,NA,NA,NA,NA,NA,NA
T,NI,1,NI_T1,Davide,1707039280,ScannerOrCamera,EPSON EPSON Scan 2 EPSON Expression 12000XL 2.2 V6.6 6.6.64.35952,1084.6074,27.8928,38.8848,0 0 6592 9190  0,MAG ANG DIAM LEN,Grey Intr cm 0.004231 0.004231,GreyThdAutom-138,Smooth Off Area Off LWRatio Off,Off,0.006,1088.0749,0,47.6841,0,149.804,0,0.4382,0,181345.8104,0,1.641,0,0,4456,5023,610,NA,NA,NA,NA,NA,NA,NA,NA,NA,NA,NA,NA,NA,NA,NA,NA,NA,NA,0,NA,NA,NA,NA,NA,NA,NA,NA,NA,NA,10,0.0000000 0.5000000 1.0000000 1.5000000 2.0000000 2.5000000 3.0000000 3.5000000 4.0000000 4.5000000,1087.8871,916.5038,122.7148,11.2578,3.7277,3.2632,3.6916,1.8647,0.5893,1.9127,22.3616,136.3884,57.0416,25.7191,4.1925,2.0516,2.3,3.2,1.8858,0.6763,2.6115,36.71,43.4138,18.1569,8.1867,1.3345,0.653,0.7321,1.0186,0.6003,0.2153,0.8313,11.6851,6.7601,0.3674,0.4419,0.1261,0.0907,0.1297,0.2213,0.152,0.0618,0.284,4.8852,4385,59,6,0,1,0,0,0,0,5,NA,NA,NA,NA,NA,NA
T,NI,2,NI_T2,Davide,1707040816,ScannerOrCamera,EPSON EPSON Scan 2 EPSON Expression 12000XL 2.2 V6.6 6.6.64.35952,1084.6074,27.8928,38.8848,0 0 6592 9190  0,MAG ANG DIAM LEN,Grey Intr cm 0.004231 0.004231,GreyThdAutom-139,Smooth Off Area Off LWRatio Off,Off,0.006,1834.5633,0,58.9868,0,185.3125,0,0.3215,0,305760.5466,0,1.49,0,0,4154,6853,1358,NA,NA,NA,NA,NA,NA,NA,NA,NA,NA,NA,NA,NA,NA,NA,NA,NA,NA,0,NA,NA,NA,NA,NA,NA,NA,NA,NA,NA,10,0.0000000 0.5000000 1.0000000 1.5000000 2.0000000 2.5000000 3.0000000 3.5000000 4.0000000 4.5000000,1834.4225,1531.8251,258.2332,35.9918,7.0753,0.8354,0.4246,0.0371,0,0,0,171.1619,97.6135,55.2279,13.6468,3.7131,0.5597,0.3601,0.0408,0,0,0,54.4825,31.0714,17.5796,4.3439,1.1819,0.1782,0.1146,0.013,0,0,0,2.2447,0.6393,0.9738,0.4179,0.1559,0.0299,0.0243,0.0036,0,0,0,4114,30,9,1,0,0,0,0,0,0,NA,NA,NA,NA,NA,NA
T,NI,3,NI_T3,Davide,1707041811,ScannerOrCamera,EPSON EPSON Scan 2 EPSON Expression 12000XL 2.2 V6.6 6.6.64.35952,1084.6074,27.8928,38.8848,0 0 6592 9190  0,MAG ANG DIAM LEN,Grey Intr cm 0.004231 0.004231,GreyThdAutom-139,Smooth Off Area Off LWRatio Off,Off,0.006,1081.7297,0,44.8089,0,140.7714,0,0.4142,0,180288.2796,0,1.458,0,0,2273,3140,472,NA,NA,NA,NA,NA,NA,NA,NA,NA,NA,NA,NA,NA,NA,NA,NA,NA,NA,0,NA,NA,NA,NA,NA,NA,NA,NA,NA,NA,10,0.0000000 0.5000000 1.0000000 1.5000000 2.0000000 2.5000000 3.0000000 3.5000000 4.0000000 4.5000000,1081.7112,874.4686,144.5017,22.9895,15.9378,15.5082,5.5249,1.5275,0.8077,0,0.4453,129.5208,62.717,30.4955,8.4137,8.9298,10.8049,4.8063,1.5482,0.9572,0,0.8481,41.2278,19.9634,9.707,2.6782,2.8425,3.4393,1.5299,0.4928,0.3047,0,0.27,2.911,0.4482,0.5344,0.2474,0.3999,0.6013,0.3335,0.1251,0.0904,0,0.1308,2224,37,6,4,0,1,0,1,0,0,NA,NA,NA,NA,NA,NA
T,NI,4,NI_T4,Davide,1707042520,ScannerOrCamera,EPSON EPSON Scan 2 EPSON Expression 12000XL 2.2 V6.6 6.6.64.35952,1084.6074,27.8928,38.8848,0 0 6592 9190  0,MAG ANG DIAM LEN,Grey Intr cm 0.004231 0.004231,GreyThdAutom-142,Smooth Off Area Off LWRatio Off,Off,0.006,766.162,0,24.6981,0,77.5914,0,0.3224,0,127693.6713,0,0.625,0,0,2551,3686,578,NA,NA,NA,NA,NA,NA,NA,NA,NA,NA,NA,NA,NA,NA,NA,NA,NA,NA,0,NA,NA,NA,NA,NA,NA,NA,NA,NA,NA,10,0.0000000 0.5000000 1.0000000 1.5000000 2.0000000 2.5000000 3.0000000 3.5000000 4.0000000 4.5000000,766.0038,700.7258,45.0871,6.2306,1.6706,1.133,1.5624,2.8171,5.2959,1.3107,0.1706,70.0438,44.3859,9.2225,2.3461,0.9151,0.795,1.3335,2.8484,6.2369,1.7138,0.2467,22.2956,14.1285,2.9356,0.7468,0.2913,0.2531,0.4245,0.9067,1.9853,0.5455,0.0785,1.715,0.2913,0.156,0.0712,0.0401,0.0444,0.0908,0.2296,0.5849,0.1784,0.0284,2517,26,4,0,1,0,0,0,3,0,NA,NA,NA,NA,NA,NA
T,NI,5,NI_T5,Davide,1707046772,ScannerOrCamera,EPSON EPSON Scan 2 EPSON Expression 12000XL 2.2 V6.6 6.6.64.35952,1084.6074,27.8928,38.8848,0 0 6592 9190  0,MAG ANG DIAM LEN,Grey Intr cm 0.004231 0.004231,GreyThdAutom-142,Smooth Off Area Off LWRatio Off,Off,0.006,1757.7301,0,49.0457,0,154.0816,0,0.279,0,292955.0207,0,1.075,0,0,10497,9321,1439,NA,NA,NA,NA,NA,NA,NA,NA,NA,NA,NA,NA,NA,NA,NA,NA,NA,NA,0,NA,NA,NA,NA,NA,NA,NA,NA,NA,NA,10,0.0000000 0.5000000 1.0000000 1.5000000 2.0000000 2.5000000 3.0000000 3.5000000 4.0000000 4.5000000,1757.1447,1595.7535,143.6961,12.0898,2.0743,0.6395,0.1374,0.4432,0.9261,1.2596,0.1251,135.8349,96.019,30.2338,4.5216,1.1145,0.4264,0.1258,0.4441,1.1076,1.6516,0.1906,43.2376,30.5638,9.6237,1.4393,0.3547,0.1357,0.04,0.1414,0.3526,0.5257,0.0607,1.6907,0.6138,0.5238,0.1365,0.048,0.0227,0.0092,0.0354,0.1056,0.1725,0.0232,10404,84,8,1,0,0,0,0,0,0,NA,NA,NA,NA,NA,NA
T,NI,6,NI_T6,Davide,1707048068,ScannerOrCamera,EPSON EPSON Scan 2 EPSON Expression 12000XL 2.2 V6.6 6.6.64.35952,1084.6074,27.8928,38.8848,0 0 6592 9190  0,MAG ANG DIAM LEN,Grey Intr cm 0.004231 0.004231,GreyThdAutom-144,Smooth Off Area Off LWRatio Off,Off,0.006,2674.1611,0,68.2332,0,214.361,0,0.2552,0,445693.51,0,1.367,0,0,9688,14236,3384,NA,NA,NA,NA,NA,NA,NA,NA,NA,NA,NA,NA,NA,NA,NA,NA,NA,NA,0,NA,NA,NA,NA,NA,NA,NA,NA,NA,NA,10,0.0000000 0.5000000 1.0000000 1.5000000 2.0000000 2.5000000 3.0000000 3.5000000 4.0000000 4.5000000,2673.5335,2445.944,196.0973,23.4396,5.8585,1.8538,0.1719,0.1684,0,0,0,190.1164,135.1352,41.6011,8.6842,3.1589,1.2245,0.1466,0.1658,0,0,0,60.5159,43.0149,13.242,2.7643,1.0055,0.3898,0.0467,0.0528,0,0,0,2.0424,0.8296,0.7295,0.2592,0.1365,0.0646,0.01,0.013,0,0,0,9606,72,10,0,0,0,0,0,0,0,NA,NA,NA,NA,NA,NA
T,NI,7,NI_T7,Davide,1707048667,ScannerOrCamera,EPSON EPSON Scan 2 EPSON Expression 12000XL 2.2 V6.6 6.6.64.35952,1084.6074,27.8928,38.8848,0 0 6592 9190  0,MAG ANG DIAM LEN,Grey Intr cm 0.004231 0.004231,GreyThdAutom-145,Smooth Off Area Off LWRatio Off,Off,0.006,2115.9191,0,43.4693,0,136.5629,0,0.2054,0,352653.1821,0,0.701,0,0,13000,10770,2308,NA,NA,NA,NA,NA,NA,NA,NA,NA,NA,NA,NA,NA,NA,NA,NA,NA,NA,0,NA,NA,NA,NA,NA,NA,NA,NA,NA,NA,10,0.0000000 0.5000000 1.0000000 1.5000000 2.0000000 2.5000000 3.0000000 3.5000000 4.0000000 4.5000000,2115.4416,2018.0866,75.9993,12.3891,7.1373,1.4591,0.3665,0,0.0038,0,0,118.213,91.9729,16.1712,4.7564,3.8261,1.0128,0.2977,0,0.1758,0,0,37.6284,29.2759,5.1475,1.514,1.2179,0.3224,0.0947,0,0.056,0,0,1.1587,0.4703,0.2852,0.1475,0.1641,0.0562,0.0193,0,0.0161,0,0,12903,88,5,2,1,1,0,0,0,0,NA,NA,NA,NA,NA,NA
T,NI,8,NI_T8,Davide,1714833811,ScannerOrCamera,EPSON EPSON Scan 2 EPSON Expression 12000XL 2.2 V6.6 6.6.64.35952,1084.6074,27.8928,38.8848,0 0 6592 9190  0,MAG ANG DIAM LEN,Grey Intr cm 0.004231 0.004231,GreyThdAutom-140,Smooth Off Area Off LWRatio Off,Off,0.006,1147.9296,0,50.9676,0,160.1195,0,0.444,0,191321.5923,0,1.777,0,0,1994,4581,710,NA,NA,NA,NA,NA,NA,NA,NA,NA,NA,NA,NA,NA,NA,NA,NA,NA,NA,0,NA,NA,NA,NA,NA,NA,NA,NA,NA,NA,10,0.0000000 0.5000000 1.0000000 1.5000000 2.0000000 2.5000000 3.0000000 3.5000000 4.0000000 4.5000000,1147.7758,957.3648,135.2631,18.0873,9.6158,5.5018,2.8496,1.477,2.9612,1.6288,13.0264,146.7113,69.8232,27.82,6.7447,5.2542,3.804,2.4326,1.516,3.5376,2.1697,23.6093,46.6997,22.2254,8.8554,2.1469,1.6725,1.2108,0.7743,0.4826,1.1261,0.6906,7.5151,5.894,0.4952,0.4718,0.2027,0.2299,0.2101,0.1657,0.1242,0.3367,0.2303,3.4275,1947,39,4,0,0,0,0,0,0,4,NA,NA,NA,NA,NA,NA
T,NI,9,NI_T9,Davide,1714834465,ScannerOrCamera,EPSON EPSON Scan 2 EPSON Expression 12000XL 2.2 V6.6 6.6.64.35952,1084.6074,27.8928,38.8848,0 0 6592 9190  0,MAG ANG DIAM LEN,Grey Intr cm 0.004231 0.004231,GreyThdAutom-145,Smooth Off Area Off LWRatio Off,Off,0.006,1428.5377,0,42.5515,0,133.6795,0,0.2979,0,238089.6141,0,0.995,0,0,5504,5933,1094,NA,NA,NA,NA,NA,NA,NA,NA,NA,NA,NA,NA,NA,NA,NA,NA,NA,NA,0,NA,NA,NA,NA,NA,NA,NA,NA,NA,NA,10,0.0000000 0.5000000 1.0000000 1.5000000 2.0000000 2.5000000 3.0000000 3.5000000 4.0000000 4.5000000,1428.3361,1286.0354,117.836,7.8268,3.2431,0.6299,1.0035,1.9036,1.6876,1.1081,7.0621,120.2478,73.9494,23.943,2.9265,1.7581,0.455,0.8653,1.937,1.9419,1.4937,10.9778,38.276,23.5388,7.6213,0.9315,0.5596,0.1448,0.2754,0.6166,0.6181,0.4755,3.4943,2.9618,0.4561,0.3987,0.0882,0.0763,0.0263,0.0596,0.1572,0.178,0.1603,1.3613,5463,35,5,0,0,0,1,0,0,0,NA,NA,NA,NA,NA,NA
T,NI,10,NI_T10,Davide,1714835803,ScannerOrCamera,EPSON EPSON Scan 2 EPSON Expression 12000XL 2.2 V6.6 6.6.64.35952,1084.6074,27.8928,38.8848,0 0 6592 9190  0,MAG ANG DIAM LEN,Grey Intr cm 0.004231 0.004231,GreyThdAutom-142,Smooth Off Area Off LWRatio Off,Off,0.006,1175.4557,0,35.3939,0,111.1932,0,0.3011,0,195909.2821,0,0.837,0,0,6657,6788,1135,NA,NA,NA,NA,NA,NA,NA,NA,NA,NA,NA,NA,NA,NA,NA,NA,NA,NA,0,NA,NA,NA,NA,NA,NA,NA,NA,NA,NA,10,0.0000000 0.5000000 1.0000000 1.5000000 2.0000000 2.5000000 3.0000000 3.5000000 4.0000000 4.5000000,1175.2261,1082.6659,63.5994,8.3829,3.3906,1.5692,1.5918,1.9458,2.0965,4.6623,5.3216,98.9549,59.3824,13.2408,3.1793,1.8292,1.0827,1.4356,1.9984,2.5632,6.2225,8.0209,31.4983,18.902,4.2147,1.012,0.5823,0.3446,0.457,0.6361,0.8159,1.9807,2.5531,2.9657,0.361,0.2269,0.0975,0.079,0.0596,0.1033,0.1637,0.2495,0.6617,0.9636,6597,51,4,0,1,1,0,1,0,2,NA,NA,NA,NA,NA,NA
T,NI,11,NI_T11,Davide,1714836175,ScannerOrCamera,EPSON EPSON Scan 2 EPSON Expression 12000XL 2.2 V6.6 6.6.64.35952,1084.6074,27.8928,38.8848,0 0 6592 9190  0,MAG ANG DIAM LEN,Grey Intr cm 0.004231 0.004231,GreyThdAutom-136,Smooth Off Area Off LWRatio Off,Off,0.006,1036.2873,0,40.7888,0,128.1418,0,0.3936,0,172714.5473,0,1.261,0,0,4875,4721,673,NA,NA,NA,NA,NA,NA,NA,NA,NA,NA,NA,NA,NA,NA,NA,NA,NA,NA,0,NA,NA,NA,NA,NA,NA,NA,NA,NA,NA,10,0.0000000 0.5000000 1.0000000 1.5000000 2.0000000 2.5000000 3.0000000 3.5000000 4.0000000 4.5000000,1036.1267,899.7992,73.6017,19.3171,11.0559,8.6214,1.4831,3.406,1.3808,6.7743,10.6872,120.0485,51.6294,15.5001,7.3909,5.9453,6.0599,1.2568,3.4303,1.6628,8.9503,18.2227,38.2126,16.4341,4.9338,2.3526,1.8925,1.9289,0.4001,1.0919,0.5293,2.849,5.8005,5.364,0.3149,0.2695,0.2287,0.2564,0.3401,0.085,0.2754,0.1596,0.9419,2.4926,4820,40,7,1,2,1,1,1,0,2,NA,NA,NA,NA,NA,NA
T,NI,12,NI_T12,Davide,1714837017,ScannerOrCamera,EPSON EPSON Scan 2 EPSON Expression 12000XL 2.2 V6.6 6.6.64.35952,1084.6074,27.8928,38.8848,0 0 6592 9190  0,MAG ANG DIAM LEN,Grey Intr cm 0.004231 0.004231,GreyThdAutom-150,Smooth Off Area Off LWRatio Off,Off,0.006,813.5053,0,34.7183,0,109.0709,0,0.4268,0,135584.2136,0,1.164,0,0,1996,5025,694,NA,NA,NA,NA,NA,NA,NA,NA,NA,NA,NA,NA,NA,NA,NA,NA,NA,NA,0,NA,NA,NA,NA,NA,NA,NA,NA,NA,NA,10,0.0000000 0.5000000 1.0000000 1.5000000 2.0000000 2.5000000 3.0000000 3.5000000 4.0000000 4.5000000,813.3177,666.8343,106.6773,20.5361,4.5887,1.1049,0.4775,2.4031,0.7609,6.2265,3.7084,97.0211,44.1181,23.4234,7.5729,2.4653,0.79990000000000006,0.4111,2.4138,0.9121,8.4077,6.4969,30.8828,14.0432,7.4559,2.4105,0.7847,0.2546,0.1309,0.7683,0.2903,2.6763,2.068,3.2586,0.2936,0.4263,0.2254,0.1061,0.0463,0.0283,0.1933,0.0871,0.904,0.9481,1969,23,2,1,0,0,1,0,0,0,NA,NA,NA,NA,NA,NA
T,NI,13,NI_T13,Davide,1714838081,ScannerOrCamera,EPSON EPSON Scan 2 EPSON Expression 12000XL 2.2 V6.6 6.6.64.35952,1084.6074,27.8928,38.8848,0 0 6592 9190  0,MAG ANG DIAM LEN,Grey Intr cm 0.004231 0.004231,GreyThdAutom-143,Smooth Off Area Off LWRatio Off,Off,0.006,3008.1671,0,89.7878,0,282.0766,0,0.2985,0,501361.184,0,2.105,0,0,11025,19757,4119,NA,NA,NA,NA,NA,NA,NA,NA,NA,NA,NA,NA,NA,NA,NA,NA,NA,NA,0,NA,NA,NA,NA,NA,NA,NA,NA,NA,NA,10,0.0000000 0.5000000 1.0000000 1.5000000 2.0000000 2.5000000 3.0000000 3.5000000 4.0000000 4.5000000,3007.2767,2735.383,196.4289,36.3143,12.8238,4.2399,4.74,1.5019,0.7015,0.2671,14.8763,253.22,147.5914,41.0007,13.7097,7.0375,3.0533,3.9766,1.5633,0.849,0.3494,34.0891,80.6024,46.9798,13.0509,4.3639,2.2401,0.9719,1.2658,0.4976,0.2702,0.1112,10.8509,9.3439,0.8627,0.7065,0.4179,0.3095,0.1757,0.2661,0.1297,0.0818,0.0364,6.3575,10954,64,3,1,0,0,1,0,0,2,NA,NA,NA,NA,NA,NA
T,NI,14,NI_T14,Davide,1714840078,ScannerOrCamera,EPSON EPSON Scan 2 EPSON Expression 12000XL 2.2 V6.6 6.6.64.35952,1084.6074,27.8928,38.8848,0 0 6592 9190  0,MAG ANG DIAM LEN,Grey Intr cm 0.004231 0.004231,GreyThdAutom-145,Smooth Off Area Off LWRatio Off,Off,0.006,915.2623,0,35.1031,0,110.2795,0,0.3835,0,152543.717,0,1.057,0,0,2679,5186,842,NA,NA,NA,NA,NA,NA,NA,NA,NA,NA,NA,NA,NA,NA,NA,NA,NA,NA,0,NA,NA,NA,NA,NA,NA,NA,NA,NA,NA,10,0.0000000 0.5000000 1.0000000 1.5000000 2.0000000 2.5000000 3.0000000 3.5000000 4.0000000 4.5000000,914.7204,784.3465,97.0664,13.4909,2.138,1.2501,0.5495,0.8408,1.9694,4.4283,8.6403,99.8131,48.811,20.7235,4.9282,1.1082,0.8702,0.5045,0.8094,2.2736,5.823,13.9616,31.7715,15.537,6.5965,1.5687,0.3528,0.277,0.1606,0.2576,0.7237,1.8535,4.4441,3.6457,0.3195,0.3652,0.1451,0.0459,0.0485,0.0368,0.0619,0.209,0.61,1.8038,2649,23,3,1,1,0,0,0,1,1,NA,NA,NA,NA,NA,NA
T,NI,15,NI_T15,Davide,1714840970,ScannerOrCamera,EPSON EPSON Scan 2 EPSON Expression 12000XL 2.2 V6.6 6.6.64.35952,1084.6074,27.8928,38.8848,0 0 6592 9190  0,MAG ANG DIAM LEN,Grey Intr cm 0.004231 0.004231,GreyThdAutom-142,Smooth Off Area Off LWRatio Off,Off,0.006,1837.3774,0,61.3102,0,192.6118,0,0.3337,0,306229.5678,0,1.607,0,0,8417,9384,1926,NA,NA,NA,NA,NA,NA,NA,NA,NA,NA,NA,NA,NA,NA,NA,NA,NA,NA,0,NA,NA,NA,NA,NA,NA,NA,NA,NA,NA,10,0.0000000 0.5000000 1.0000000 1.5000000 2.0000000 2.5000000 3.0000000 3.5000000 4.0000000 4.5000000,1836.7651,1677.0627,110.8103,16.1854,6.2458,4.1103,0.9589,1.8097,0.7402,0.0848,18.757,172.5922,95.2759,22.3448,6.2024,3.3203,2.7842,0.8262,1.778,0.8782,0.1081,39.0741,54.9378,30.3272,7.1126,1.9743,1.0569,0.8862,0.263,0.566,0.2795,0.0344,12.4377,8.3337,0.5895,0.3721,0.1925,0.1413,0.1504,0.0568,0.1392,0.083,0.011,6.598,8370,38,4,1,1,0,0,0,0,3,NA,NA,NA,NA,NA,NA
T,NI,16,NI_T16,Davide,1714841502,ScannerOrCamera,EPSON EPSON Scan 2 EPSON Expression 12000XL 2.2 V6.6 6.6.64.35952,1084.6074,27.8928,38.8848,0 0 6592 9190  0,MAG ANG DIAM LEN,Grey Intr cm 0.004231 0.004231,GreyThdAutom-140,Smooth Off Area Off LWRatio Off,Off,0.006,1201.543,0,49.4613,0,155.3874,0,0.4116,0,200257.1727,0,1.599,0,0,4069,8007,1160,NA,NA,NA,NA,NA,NA,NA,NA,NA,NA,NA,NA,NA,NA,NA,NA,NA,NA,0,NA,NA,NA,NA,NA,NA,NA,NA,NA,NA,10,0.0000000 0.5000000 1.0000000 1.5000000 2.0000000 2.5000000 3.0000000 3.5000000 4.0000000 4.5000000,1200.9952,1004.5866,143.2561,26.9997,4.3172,0.69,0.6797,4.8292,4.0253,1.615,9.9963,138.5704,65.7494,30.3011,10.0447,2.26,0.4693,0.562,4.9167,4.7193,2.157,17.3908,44.1083,20.9287,9.6452,3.1973,0.7194,0.1494,0.1789,1.565,1.5022,0.6866,5.5357,4.9336,0.4444,0.5291,0.3012,0.0949,0.0255,0.0371,0.399,0.4409,0.2296,2.4321,4028,37,3,0,0,0,0,1,0,0,NA,NA,NA,NA,NA,NA
T,NI,17,NI_T17,Davide,1714842336,ScannerOrCamera,EPSON EPSON Scan 2 EPSON Expression 12000XL 2.2 V6.6 6.6.64.35952,1084.6074,27.8928,38.8848,0 0 6592 9190  0,MAG ANG DIAM LEN,Grey Intr cm 0.004231 0.004231,GreyThdAutom-143,Smooth Off Area Off LWRatio Off,Off,0.006,810.924,0,27.9244,0,87.7272,0,0.3444,0,135154.0006,0,0.755,0,0,4727,4604,839,NA,NA,NA,NA,NA,NA,NA,NA,NA,NA,NA,NA,NA,NA,NA,NA,NA,NA,0,NA,NA,NA,NA,NA,NA,NA,NA,NA,NA,10,0.0000000 0.5000000 1.0000000 1.5000000 2.0000000 2.5000000 3.0000000 3.5000000 4.0000000 4.5000000,810.5621,745.9125,39.9593,6.2876,4.903,1.3806,0.3555,0.2386,2.5341,0.198,8.7929,75.2164,40.5935,8.1364,2.4713,2.6646,0.967,0.313,0.2415,2.9937,0.2658,16.5695,23.9421,12.9213,2.5899,0.7866,0.8482,0.3078,0.0996,0.0769,0.9529,0.0846,5.2742000000000004,3.7817,0.2373,0.1362,0.0781,0.1161,0.0541,0.022,0.0195,0.2819,0.0285,2.8082,4692,34,0,0,0,0,0,1,0,0,NA,NA,NA,NA,NA,NA
T,NI,18,NI_T18,Davide,1714843357,ScannerOrCamera,EPSON EPSON Scan 2 EPSON Expression 12000XL 2.2 V6.6 6.6.64.35952,1084.6074,27.8928,38.8848,0 0 6592 9190  0,MAG ANG DIAM LEN,Grey Intr cm 0.004231 0.004231,GreyThdAutom-143,Smooth Off Area Off LWRatio Off,Off,0.006,954.7692,0,37.7614,0,118.631,0,0.3955,0,159128.2046,0,1.173,0,0,2946,6554,1120,NA,NA,NA,NA,NA,NA,NA,NA,NA,NA,NA,NA,NA,NA,NA,NA,NA,NA,0,NA,NA,NA,NA,NA,NA,NA,NA,NA,NA,10,0.0000000 0.5000000 1.0000000 1.5000000 2.0000000 2.5000000 3.0000000 3.5000000 4.0000000 4.5000000,954.171,826.4375,89.4848,11.7447,2.9606,3.3351,2.9523,1.1407,3.1589,1.7877,11.1688,107.3355,49.2174,19.0007,4.3625,1.5847,2.353,2.6128,1.2026,3.6823,2.4003,20.9192,34.1659,15.6664,6.0481,1.3886,0.5044,0.749,0.8317,0.3828,1.1721,0.764,6.6588,5.0963,0.3083,0.3334,0.1305,0.068,0.1328,0.1844,0.101,0.3419,0.2567,3.2393,2916,24,2,1,0,1,1,0,0,1,NA,NA,NA,NA,NA,NA
T,NI,19,NI_T19,Davide,1714843876,ScannerOrCamera,EPSON EPSON Scan 2 EPSON Expression 12000XL 2.2 V6.6 6.6.64.35952,1084.6074,27.8928,38.8848,0 0 6592 9190  0,MAG ANG DIAM LEN,Grey Intr cm 0.004231 0.004231,GreyThdAutom-143,Smooth Off Area Off LWRatio Off,Off,0.006,1096.0052,0,46.7832,0,146.9737,0,0.4269,0,182667.5301,0,1.568,0,0,3269,6276,964,NA,NA,NA,NA,NA,NA,NA,NA,NA,NA,NA,NA,NA,NA,NA,NA,NA,NA,0,NA,NA,NA,NA,NA,NA,NA,NA,NA,NA,10,0.0000000 0.5000000 1.0000000 1.5000000 2.0000000 2.5000000 3.0000000 3.5000000 4.0000000 4.5000000,1095.7214,890.1116,154.6948,14.3771,7.2233,10.2348,5.2451,1.6469,0.6944,2.4461,9.0472,131.9882,56.9541,31.8642,5.2526,4.0119,7.336,4.4183,1.7007,0.8474,3.2596,16.3434,42.0131,18.129,10.1427,1.6719,1.277,2.3351,1.4064,0.5414,0.2697,1.0376,5.2023,4.9119,0.3852,0.54,0.1545,0.1782,0.4202,0.2969,0.1401,0.0823,0.346,2.3685,3225,31,6,4,2,0,0,0,0,1,NA,NA,NA,NA,NA,NA
T,NI,20,NI_T20,Davide,1714844339,ScannerOrCamera,EPSON EPSON Scan 2 EPSON Expression 12000XL 2.2 V6.6 6.6.64.35952,1084.6074,27.8928,38.8848,0 0 6592 9190  0,MAG ANG DIAM LEN,Grey Intr cm 0.004231 0.004231,GreyThdAutom-143,Smooth Off Area Off LWRatio Off,Off,0.006,871.1567,0,38.6011,0,121.269,0,0.4431,0,145192.7915,0,1.343,0,0,2340,4573,564,NA,NA,NA,NA,NA,NA,NA,NA,NA,NA,NA,NA,NA,NA,NA,NA,NA,NA,0,NA,NA,NA,NA,NA,NA,NA,NA,NA,NA,10,0.0000000 0.5000000 1.0000000 1.5000000 2.0000000 2.5000000 3.0000000 3.5000000 4.0000000 4.5000000,870.6994,713.6172,118.6016,14.2307,4.3098,2.5853,1.1988,0.5264,1.1154,3.8507,10.6635,108.3066,48.9413,24.6306,5.3225,2.3348,1.7682,1.0356,0.5192,1.3088,5.2164,17.2292,34.4751,15.5785,7.8402,1.6942,0.7432,0.5629,0.3296,0.1653,0.4166,1.6604,5.4842,4.1517,0.3427,0.4218,0.1602,0.1012,0.0967,0.0713,0.0408,0.1222,0.5627,2.232,2301,35,3,1,0,0,0,0,0,0,NA,NA,NA,NA,NA,NA
T,NI,21,NI_T21,Davide,1714844874,ScannerOrCamera,EPSON EPSON Scan 2 EPSON Expression 12000XL 2.2 V6.6 6.6.64.35952,1084.6074,27.8928,38.8848,0 0 6592 9190  0,MAG ANG DIAM LEN,Grey Intr cm 0.004231 0.004231,GreyThdAutom-139,Smooth Off Area Off LWRatio Off,Off,0.006,862.6008,0,48.8848,0,153.5762,0,0.5667,0,143766.803,0,2.176,0,0,1818,4825,636,NA,NA,NA,NA,NA,NA,NA,NA,NA,NA,NA,NA,NA,NA,NA,NA,NA,NA,0,NA,NA,NA,NA,NA,NA,NA,NA,NA,NA,10,0.0000000 0.5000000 1.0000000 1.5000000 2.0000000 2.5000000 3.0000000 3.5000000 4.0000000 4.5000000,862.2123,694.1198,113.4525,20.7209,5.6181,4.3958,1.4845,1.3932,3.1374,0,17.8901,139.8315,51.1456,23.8989,7.7739,3.0806,3.0756,1.265,1.4852,3.7106,0,44.3961,44.5097,16.2801,7.6073,2.4745,0.9806,0.979,0.4027,0.4728,1.1811,0,14.1317,10.9184,0.3804,0.4165,0.2346,0.1358,0.1721,0.0859,0.1261,0.3496,0,9.0174,1791,23,1,2,0,0,0,0,0,1,NA,NA,NA,NA,NA,NA
T,NI,22,NI_T22,Davide,1714845544,ScannerOrCamera,EPSON EPSON Scan 2 EPSON Expression 12000XL 2.2 V6.6 6.6.64.35952,1084.6074,27.8928,38.8848,0 0 6592 9190  0,MAG ANG DIAM LEN,Grey Intr cm 0.004231 0.004231,GreyThdAutom-141,Smooth Off Area Off LWRatio Off,Off,0.006,2496.3273,0,74.4493,0,233.8895,0,0.2982,0,416054.5552,0,1.744,0,0,12470,20212,3918,NA,NA,NA,NA,NA,NA,NA,NA,NA,NA,NA,NA,NA,NA,NA,NA,NA,NA,0,NA,NA,NA,NA,NA,NA,NA,NA,NA,NA,10,0.0000000 0.5000000 1.0000000 1.5000000 2.0000000 2.5000000 3.0000000 3.5000000 4.0000000 4.5000000,2495.3951,2303.7514,136.0048,13.1337,4.6488,2.5979,1.1582,8.3222,5.0133,4.5501,16.2147,207.8702,121.5766,27.4845,4.9542,2.4762,1.7922,1.0187,8.3941,5.9126,6.0961,28.165,66.1671,38.699,8.7486,1.577,0.7882,0.5705,0.3242,2.6719,1.882,1.9405,8.9652,7.4174,0.7181,0.4566,0.151,0.1057,0.0989,0.0715,0.6752,0.5556,0.6508,3.9341,12396,63,5,1,1,0,0,0,0,4,NA,NA,NA,NA,NA,NA
T,NI,23,NI_T23,Davide,1714846152,ScannerOrCamera,EPSON EPSON Scan 2 EPSON Expression 12000XL 2.2 V6.6 6.6.64.35952,1084.6074,27.8928,38.8848,0 0 6592 9190  0,MAG ANG DIAM LEN,Grey Intr cm 0.004231 0.004231,GreyThdAutom-145,Smooth Off Area Off LWRatio Off,Off,0.006,1125.6331,0,44.1563,0,138.721,0,0.3923,0,187605.5218,0,1.36,0,0,4166,8015,1288,NA,NA,NA,NA,NA,NA,NA,NA,NA,NA,NA,NA,NA,NA,NA,NA,NA,NA,0,NA,NA,NA,NA,NA,NA,NA,NA,NA,NA,10,0.0000000 0.5000000 1.0000000 1.5000000 2.0000000 2.5000000 3.0000000 3.5000000 4.0000000 4.5000000,1124.9318,988.651,96.3842,13.1126,4.7092,1.4882,0.5423,0.3375,0.6918,2.4721,16.5429,123.5961,60.0119,20.0014,4.8581,2.5483,1.0163,0.4487,0.3467,0.8648,3.2834,30.2166,39.3419,19.1024,6.3666,1.5464,0.8111,0.3235,0.1428,0.1104,0.2753,1.0451,9.6182,5.9633,0.3886,0.3429,0.1452,0.1105,0.0554,0.0295,0.0284,0.086,0.3474,4.4293,4118,41,5,1,0,0,0,0,1,0,NA,NA,NA,NA,NA,NA
T,NI,24,NI_T24,Davide,1714846891,ScannerOrCamera,EPSON EPSON Scan 2 EPSON Expression 12000XL 2.2 V6.6 6.6.64.35952,1084.6074,27.8928,38.8848,0 0 6592 9190  0,MAG ANG DIAM LEN,Grey Intr cm 0.004231 0.004231,GreyThdAutom-141,Smooth Off Area Off LWRatio Off,Off,0.006,1047.2724,0,41.7836,0,131.2671,0,0.399,0,174545.4048,0,1.309,0,0,4045,6926,1028,NA,NA,NA,NA,NA,NA,NA,NA,NA,NA,NA,NA,NA,NA,NA,NA,NA,NA,0,NA,NA,NA,NA,NA,NA,NA,NA,NA,NA,10,0.0000000 0.5000000 1.0000000 1.5000000 2.0000000 2.5000000 3.0000000 3.5000000 4.0000000 4.5000000,1046.7923,896.3066,97.5535,15.2343,11.5244,2.7795,3.7109,1.8764,1.9935,1.3768,14.4365,118.4916,50.3774,20.3487,5.7322,6.0151,2.0023,3.207,1.8241,2.377,1.8381,24.7698,37.7171,16.0356,6.4772,1.8246,1.9147,0.6374,1.0208,0.5806,0.7566,0.5851,7.8845,5.4201,0.3067,0.3504,0.1743,0.2512,0.1152,0.2212,0.1411,0.2258,0.1953,3.439,4010,25,5,2,0,0,1,1,0,1,NA,NA,NA,NA,NA,NA
T,NI,25,NI_T25,Davide,1714847464,ScannerOrCamera,EPSON EPSON Scan 2 EPSON Expression 12000XL 2.2 V6.6 6.6.64.35952,1084.6074,27.8928,38.8848,0 0 6592 9190  0,MAG ANG DIAM LEN,Grey Intr cm 0.004231 0.004231,GreyThdAutom-141,Smooth Off Area Off LWRatio Off,Off,0.006,1512.3025,0,59.1345,0,185.7766,0,0.391,0,252050.4143,0,1.816,0,0,3696,9571,1652,NA,NA,NA,NA,NA,NA,NA,NA,NA,NA,NA,NA,NA,NA,NA,NA,NA,NA,0,NA,NA,NA,NA,NA,NA,NA,NA,NA,NA,10,0.0000000 0.5000000 1.0000000 1.5000000 2.0000000 2.5000000 3.0000000 3.5000000 4.0000000 4.5000000,1511.978,1303.8742,151.403,24.5918,10.6529,4.3259,1.4617,0.2345,0.2899,0.8121,14.332,170.3472,84.4771,31.3509,9.3206,5.7539,2.9854,1.275,0.2312,0.3479,1.0598,33.5453,54.2232,26.8899,9.9793,2.9668,1.8315,0.9503,0.4059,0.0736,0.1107,0.3374,10.6778,8.5083,0.5685,0.5356,0.2851,0.2493,0.1646,0.0887,0.0182,0.0332,0.1101,6.455,3661,26,1,2,1,0,0,0,0,5,NA,NA,NA,NA,NA,NA
NT,PC,1,PC_NT1,Davide,1728043298,ScannerOrCamera,EPSON EPSON Scan 2 EPSON Expression 12000XL 2.2 V6.6 6.6.64.35952,1084.6074,27.8928,38.8848,0 0 6592 9190  0,MAG ANG DIAM LEN,Grey Intr cm 0.004231 0.004231,GreyThdAutom-140,Smooth Off Area Off LWRatio Off,Off,0.006,3743.0511,0,115.3331,0,362.3296,0,0.3081,0,623841.8425,0,2.791,0,0,19280,23309,4331,NA,NA,NA,NA,NA,NA,NA,NA,NA,NA,NA,NA,NA,NA,NA,NA,NA,NA,0,NA,NA,NA,NA,NA,NA,NA,NA,NA,NA,10,0.0000000 0.5000000 1.0000000 1.5000000 2.0000000 2.5000000 3.0000000 3.5000000 4.0000000 4.5000000,3741.6219,3365.8585,281.7176,56.9629,11.8403,3.6166,2.2932,1.599,1.2467,0.1428,16.3443,333.2322,184.841,60.3316,21.0782,6.3422,2.5408,2.0283,1.6269,1.4162,0.1981,52.8291,106.0711,58.8367,19.2041,6.7094,2.0188,0.8088,0.6456,0.5179,0.4508,0.0631,16.816,17.4711,1.1331,1.0703,0.628,0.2723,0.1426,0.143,0.1319,0.128,0.0219,13.7998,19199,65,10,2,1,0,0,0,0,3,NA,NA,NA,NA,NA,NA
NT,PC,2,PC_NT2,Davide,1728044385,ScannerOrCamera,EPSON EPSON Scan 2 EPSON Expression 12000XL 2.2 V6.6 6.6.64.35952,1084.6074,27.8928,38.8848,0 0 6592 9190  0,MAG ANG DIAM LEN,Grey Intr cm 0.004231 0.004231,GreyThdAutom-141,Smooth Off Area Off LWRatio Off,Off,0.006,2800.9595,0,87.8508,0,275.9916,0,0.3136,0,466826.5883,0,2.164,0,0,14295,14618,2669,NA,NA,NA,NA,NA,NA,NA,NA,NA,NA,NA,NA,NA,NA,NA,NA,NA,NA,0,NA,NA,NA,NA,NA,NA,NA,NA,NA,NA,10,0.0000000 0.5000000 1.0000000 1.5000000 2.0000000 2.5000000 3.0000000 3.5000000 4.0000000 4.5000000,2799.8639,2554.7039,193.2551,21.1427,5.7744,3.2125,2.4784,1.8688,0.2217,0.1426,17.0639,249.737,151.5183,39.6021,7.9577,2.9999,2.2712,2.1113,1.8956,0.2443,0.1875,40.949,79.4938,48.2298,12.6057,2.533,0.9549,0.723,0.6721,0.6034,0.0778,0.0597,13.0345,10.5197,0.9759,0.6697,0.2416,0.1247,0.1283,0.1435,0.1533,0.0214,0.0196,8.0417,14233,52,7,0,0,0,0,0,0,3,NA,NA,NA,NA,NA,NA
NT,PC,3,PC_NT3,Davide,1728052164,ScannerOrCamera,EPSON EPSON Scan 2 EPSON Expression 12000XL 2.2 V6.6 6.6.64.35952,1084.6074,27.8928,38.8848,0 0 6592 9190  0,MAG ANG DIAM LEN,Grey Intr cm 0.004231 0.004231,GreyThdAutom-140,Smooth Off Area Off LWRatio Off,Off,0.006,2913.1168,0,101.5588,0,319.0565,0,0.3486,0,485519.4706,0,2.781,0,0,12406,13127,2390,NA,NA,NA,NA,NA,NA,NA,NA,NA,NA,NA,NA,NA,NA,NA,NA,NA,NA,0,NA,NA,NA,NA,NA,NA,NA,NA,NA,NA,10,0.0000000 0.5000000 1.0000000 1.5000000 2.0000000 2.5000000 3.0000000 3.5000000 4.0000000 4.5000000,2911.9389,2574.1527,227.7728,60.2631,16.063,9.6256,7.4099,2.4981,1.6731,0.8361,11.6446,286.72,151.6636,48.3624,22.9395,8.603,6.8145,6.3791,2.5435,2.0112,1.154,36.2491,91.2658,48.276,15.3942,7.3019,2.7384,2.1691,2.0305,0.8096,0.6402,0.3673,11.5384,13.5334,0.9362,0.8493,0.7041,0.3689,0.3857,0.4382,0.2064,0.1927,0.1268,9.3251,12235,150,15,3,1,1,0,0,0,1,NA,NA,NA,NA,NA,NA
NT,PC,4,PC_NT4,Davide,1728053374,ScannerOrCamera,EPSON EPSON Scan 2 EPSON Expression 12000XL 2.2 V6.6 6.6.64.35952,1084.6074,27.8928,38.8848,0 0 6592 9190  0,MAG ANG DIAM LEN,Grey Intr cm 0.004231 0.004231,GreyThdAutom-140,Smooth Off Area Off LWRatio Off,Off,0.006,2322.9519,0,73.8353,0,231.9604,0,0.3179,0,387158.6577,0,1.843,0,0,14181,10285,1686,NA,NA,NA,NA,NA,NA,NA,NA,NA,NA,NA,NA,NA,NA,NA,NA,NA,NA,0,NA,NA,NA,NA,NA,NA,NA,NA,NA,NA,10,0.0000000 0.5000000 1.0000000 1.5000000 2.0000000 2.5000000 3.0000000 3.5000000 4.0000000 4.5000000,2322.2849,2079.316,202.1822,17.7222,5.2336,2.2445,2.2751,0.7853,0.2271,0.7056,11.5932,208.1518,122.5939,41.8248,6.5924,2.8866,1.5501,1.9689,0.8096,0.2492,0.9238,28.7525,66.2568,39.0229,13.3132,2.0984,0.9188,0.4934,0.6267,0.2577,0.0793,0.2941,9.1522,7.9825,0.7765,0.7114,0.1977,0.1277,0.0856,0.1361,0.0667,0.0216,0.0963,5.7631,14071,101,7,1,1,0,0,0,0,0,NA,NA,NA,NA,NA,NA
NT,PC,5,PC_NT5,Davide,1728054637,ScannerOrCamera,EPSON EPSON Scan 2 EPSON Expression 12000XL 2.2 V6.6 6.6.64.35952,1084.6074,27.8928,38.8848,0 0 6592 9190  0,MAG ANG DIAM LEN,Grey Intr cm 0.004231 0.004231,GreyThdAutom-140,Smooth Off Area Off LWRatio Off,Off,0.006,2440.6605,0,84.014,0,263.9378,0,0.3442,0,406776.7474,0,2.271,0,0,9853,12836,2325,NA,NA,NA,NA,NA,NA,NA,NA,NA,NA,NA,NA,NA,NA,NA,NA,NA,NA,0,NA,NA,NA,NA,NA,NA,NA,NA,NA,NA,10,0.0000000 0.5000000 1.0000000 1.5000000 2.0000000 2.5000000 3.0000000 3.5000000 4.0000000 4.5000000,2439.9227,2118.8433,238.7863,46.5263,10.4477,4.0682,1.8037,0.1295,1.2023,2.5665,15.5491,242.4066,120.0201,50.7268,17.5131,5.5738,2.8514,1.5221,0.1197,1.3198,3.4177,39.342,77.1604,38.2036,16.1468,5.5746,1.7742,0.9076,0.4845,0.0381,0.4201,1.0879,12.523,11.2386,0.7573,0.8943,0.5309,0.2385,0.1597,0.1025,0.0087,0.1148,0.3626,8.0693,9790,50,8,3,1,1,0,0,0,0,NA,NA,NA,NA,NA,NA
NT,PC,6,PC_NT6,Davide,1728055467,ScannerOrCamera,EPSON EPSON Scan 2 EPSON Expression 12000XL 2.2 V6.6 6.6.64.35952,1084.6074,27.8928,38.8848,0 0 6592 9190  0,MAG ANG DIAM LEN,Grey Intr cm 0.004231 0.004231,GreyThdAutom-140,Smooth Off Area Off LWRatio Off,Off,0.006,3101.1082,0,93.6172,0,294.1072,0,0.3019,0,516851.3602,0,2.22,0,0,11439,14897,2897,NA,NA,NA,NA,NA,NA,NA,NA,NA,NA,NA,NA,NA,NA,NA,NA,NA,NA,0,NA,NA,NA,NA,NA,NA,NA,NA,NA,NA,10,0.0000000 0.5000000 1.0000000 1.5000000 2.0000000 2.5000000 3.0000000 3.5000000 4.0000000 4.5000000,3100.3455,2838.5061,202.4876,27.3452,10.2249,4.805,1.658,1.1689,0.4382,0,13.7116,265.9501,173.0967,41.3009,10.229,5.5873,3.4084,1.4166,1.1938,0.5024,0,29.2151,84.6545,55.0984,13.1465,3.256,1.7785,1.0849,0.4509,0.38,0.1599,0,9.2994,7.8182,1.128,0.697,0.3085,0.2447,0.193,0.0966,0.0972,0.0459,0,5.0074,11387,44,5,0,1,0,0,0,0,2,NA,NA,NA,NA,NA,NA
NT,PC,7,PC_NT7,Davide,1728056756,ScannerOrCamera,EPSON EPSON Scan 2 EPSON Expression 12000XL 2.2 V6.6 6.6.64.35952,1084.6074,27.8928,38.8848,0 0 6592 9190  0,MAG ANG DIAM LEN,Grey Intr cm 0.004231 0.004231,GreyThdAutom-141,Smooth Off Area Off LWRatio Off,Off,0.006,3095.7533,0,81.7752,0,256.9045,0,0.2642,0,515958.8775,0,1.697,0,0,20857,23615,4746,NA,NA,NA,NA,NA,NA,NA,NA,NA,NA,NA,NA,NA,NA,NA,NA,NA,NA,0,NA,NA,NA,NA,NA,NA,NA,NA,NA,NA,10,0.0000000 0.5000000 1.0000000 1.5000000 2.0000000 2.5000000 3.0000000 3.5000000 4.0000000 4.5000000,3094.2363,2859.0284,191.8022,16.5846,1.9819,0.4821,1.1575,0.2889,0.9024,1.2195,20.7886,230.9561,137.6769,39.1337,6.0639,1.0249,0.3168,0.9938,0.2815,1.0829,1.6926,42.6892,73.5156,43.8239,12.4566,1.9302,0.3262,0.1009,0.3163,0.0896,0.3447,0.5388,13.5884,9.3109,0.7695,0.6577,0.1782,0.0424,0.0165,0.0681,0.0219,0.1034,0.187,7.2664,20781,66,7,0,0,0,0,0,0,3,NA,NA,NA,NA,NA,NA
NT,PC,8,PC_NT8,Davide,1728057787,ScannerOrCamera,EPSON EPSON Scan 2 EPSON Expression 12000XL 2.2 V6.6 6.6.64.35952,1084.6074,27.8928,38.8848,0 0 6592 9190  0,MAG ANG DIAM LEN,Grey Intr cm 0.004231 0.004231,GreyThdAutom-141,Smooth Off Area Off LWRatio Off,Off,0.006,1843.1363,0,70.0995,0,220.2242,0,0.3803,0,307189.3843,0,2.094,0,0,8486,6977,1223,NA,NA,NA,NA,NA,NA,NA,NA,NA,NA,NA,NA,NA,NA,NA,NA,NA,NA,0,NA,NA,NA,NA,NA,NA,NA,NA,NA,NA,10,0.0000000 0.5000000 1.0000000 1.5000000 2.0000000 2.5000000 3.0000000 3.5000000 4.0000000 4.5000000,1842.7429,1616.6716,140.1988,39.2316,16.2693,6.4829,2.3591,2.5121000000000002,0.6883,0.068,18.2614,205.3319,96.1745,29.5735,14.5806,8.8448,4.553,1.9949,2.5628,0.8033,0.0898,46.1548,65.3592,30.6133,9.4135,4.6412,2.8154,1.4493,0.635,0.8157,0.2557,0.0286,14.6915,12.3186,0.6147,0.5167,0.4368,0.3851,0.2555,0.1345,0.2084,0.0747,0.0094,9.6827,8400,64,12,2,0,2,2,1,0,3,NA,NA,NA,NA,NA,NA
NT,PC,9,PC_NT9,Davide,1728058690,ScannerOrCamera,EPSON EPSON Scan 2 EPSON Expression 12000XL 2.2 V6.6 6.6.64.35952,1084.6074,27.8928,38.8848,0 0 6592 9190  0,MAG ANG DIAM LEN,Grey Intr cm 0.004231 0.004231,GreyThdAutom-141,Smooth Off Area Off LWRatio Off,Off,0.006,2321.6962,0,82.0574,0,257.7908,0,0.3534,0,386949.3602,0,2.278,0,0,11264,12621,1932,NA,NA,NA,NA,NA,NA,NA,NA,NA,NA,NA,NA,NA,NA,NA,NA,NA,NA,0,NA,NA,NA,NA,NA,NA,NA,NA,NA,NA,10,0.0000000 0.5000000 1.0000000 1.5000000 2.0000000 2.5000000 3.0000000 3.5000000 4.0000000 4.5000000,2320.8986,1949.7875,293.5851,51.726,6.297,1.7408,0.4947,1.1544,0.5765,0.8902,14.6464,232.5061,111.5452,61.5042,19.3412,3.3022,1.222,0.4265,1.2164,0.6707,1.1733,32.1044,74.009,35.5059,19.5774,6.1565,1.0511,0.389,0.1357,0.3872,0.2135,0.3735,10.2192,8.6338,0.7267,1.0632,0.5825,0.1386,0.0686,0.0293,0.1021,0.0622,0.1231,5.7375,11188,66,7,0,1,0,0,0,0,2,NA,NA,NA,NA,NA,NA
NT,PC,10,PC_NT10,Davide,1728059550,ScannerOrCamera,EPSON EPSON Scan 2 EPSON Expression 12000XL 2.2 V6.6 6.6.64.35952,1084.6074,27.8928,38.8848,0 0 6592 9190  0,MAG ANG DIAM LEN,Grey Intr cm 0.004231 0.004231,GreyThdAutom-140,Smooth Off Area Off LWRatio Off,Off,0.006,1528.9751,0,52.4499,0,164.7762,0,0.343,0,254829.1906,0,1.413,0,0,6161,5565,1067,NA,NA,NA,NA,NA,NA,NA,NA,NA,NA,NA,NA,NA,NA,NA,NA,NA,NA,0,NA,NA,NA,NA,NA,NA,NA,NA,NA,NA,10,0.0000000 0.5000000 1.0000000 1.5000000 2.0000000 2.5000000 3.0000000 3.5000000 4.0000000 4.5000000,1528.707,1395.7072,86.6469,3.6422,2.7601,1.9533,6.3448,1.3477,5.5701,4.5841,20.1507,156.4225,80.7205,16.8972,1.3258,1.4745,1.3654,5.5721,1.3608,6.6363,6.1676,34.9025,49.7908,25.6941,5.3785,0.422,0.4693,0.4346,1.7736,0.4331,2.1124,1.9632,11.1098,7.5892,0.5062,0.2704,0.0387,0.0631,0.0761,0.39,0.1096,0.6301,0.6612,4.8439,6107,39,9,0,0,0,0,0,1,5,NA,NA,NA,NA,NA,NA
NT,PC,11,PC_NT11,Davide,1728060672,ScannerOrCamera,EPSON EPSON Scan 2 EPSON Expression 12000XL 2.2 V6.6 6.6.64.35952,1084.6074,27.8928,38.8848,0 0 6592 9190  0,MAG ANG DIAM LEN,Grey Intr cm 0.004231 0.004231,GreyThdAutom-141,Smooth Off Area Off LWRatio Off,Off,0.006,1683.3758,0,56.6626,0,178.0108,0,0.3366,0,280562.6375,0,1.498,0,0,9666,7752,1288,NA,NA,NA,NA,NA,NA,NA,NA,NA,NA,NA,NA,NA,NA,NA,NA,NA,NA,0,NA,NA,NA,NA,NA,NA,NA,NA,NA,NA,10,0.0000000 0.5000000 1.0000000 1.5000000 2.0000000 2.5000000 3.0000000 3.5000000 4.0000000 4.5000000,1683.0245,1509.3095,128.844,16.0565,2.1399,1.8256,1.806,4.0195,0.7168,1.6932,16.6135,163.286,84.0114,27.4349,6.0553,1.1329,1.2296,1.6025,3.9932,0.8559,2.218,34.7523,51.9755,26.7416,8.7328,1.9275,0.3606,0.3914,0.5101,1.2711,0.2724,0.706,11.062,7.936,0.5222,0.4833,0.1843,0.0481,0.0662,0.1135,0.3159,0.0813,0.2314,5.8898,9607,51,3,0,1,0,0,0,1,3,NA,NA,NA,NA,NA,NA
NT,PC,12,PC_NT12,Davide,1728061762,ScannerOrCamera,EPSON EPSON Scan 2 EPSON Expression 12000XL 2.2 V6.6 6.6.64.35952,1084.6074,27.8928,38.8848,0 0 6592 9190  0,MAG ANG DIAM LEN,Grey Intr cm 0.004231 0.004231,GreyThdAutom-139,Smooth Off Area Off LWRatio Off,Off,0.006,3588.8986,0,134.0742,0,421.2067,0,0.3736,0,598149.7715,0,3.934,0,0,13749,16585,3108,NA,NA,NA,NA,NA,NA,NA,NA,NA,NA,NA,NA,NA,NA,NA,NA,NA,NA,0,NA,NA,NA,NA,NA,NA,NA,NA,NA,NA,10,0.0000000 0.5000000 1.0000000 1.5000000 2.0000000 2.5000000 3.0000000 3.5000000 4.0000000 4.5000000,3587.1141,3097.6307,378.736,57.602,15.4442,9.7792,3.7013,1.6991,1.1988,0.5216,20.8012,383.9254,197.3572,80.7621,21.6187,8.1901,6.9124,3.1667,1.7455,1.405,0.712,62.0557,122.2072,62.8208,25.7074,6.8814,2.607,2.2003,1.008,0.5556,0.4472,0.2266,19.7529,20.2713,1.3205,1.4242,0.6542,0.3483,0.3902,0.2163,0.1429,0.1312,0.0774,15.5661,13645,85,12,2,0,0,0,0,1,4,NA,NA,NA,NA,NA,NA
NT,PC,13,PC_NT13,Davide,1733324547,ScannerOrCamera,EPSON EPSON Scan 2 EPSON Expression 12000XL 2.2 V6.6 6.6.64.35952,1084.6074,27.8928,38.8848,0 0 6592 9190  0,MAG ANG DIAM LEN,Grey Intr cm 0.004231 0.004231,GreyThdAutom-140,Smooth Off Area Off LWRatio Off,Off,0.006,2342.8005,0,63.2174,0,198.6032,0,0.2698,0,390466.7428,0,1.34,0,0,12509,16484,3495,NA,NA,NA,NA,NA,NA,NA,NA,NA,NA,NA,NA,NA,NA,NA,NA,NA,NA,0,NA,NA,NA,NA,NA,NA,NA,NA,NA,NA,10,0.0000000 0.5000000 1.0000000 1.5000000 2.0000000 2.5000000 3.0000000 3.5000000 4.0000000 4.5000000,2341.705,2169.6586,123.4719,23.6064,5.4556,1.7627,0.7189,0.4645,1.7628,1.7197,13.0839,178.038,105.7281,26.8106,8.7585,2.8827,1.2064,0.6048,0.4692,2.1174,2.3118,27.1485,56.6713,33.6543,8.5341,2.7879,0.9176,0.384,0.1925,0.1493,0.674,0.7359,8.6416,6.6236,0.5918,0.4819,0.2622,0.1221,0.0659,0.0406,0.0377,0.2027,0.2477,4.571,12427,72,3,2,0,0,0,0,1,4,NA,NA,NA,NA,NA,NA
NT,PC,14,PC_NT14,Davide,1733325356,ScannerOrCamera,EPSON EPSON Scan 2 EPSON Expression 12000XL 2.2 V6.6 6.6.64.35952,1084.6074,27.8928,38.8848,0 0 6592 9190  0,MAG ANG DIAM LEN,Grey Intr cm 0.004231 0.004231,GreyThdAutom-139,Smooth Off Area Off LWRatio Off,Off,0.006,1456.0133,0,49.7474,0,156.2862,0,0.3417,0,242668.8871,0,1.335,0,0,5929,6920,1486,NA,NA,NA,NA,NA,NA,NA,NA,NA,NA,NA,NA,NA,NA,NA,NA,NA,NA,0,NA,NA,NA,NA,NA,NA,NA,NA,NA,NA,10,0.0000000 0.5000000 1.0000000 1.5000000 2.0000000 2.5000000 3.0000000 3.5000000 4.0000000 4.5000000,1455.7437,1326.843,83.2644,10.2068,13.1951,4.6978,2.1354,0.1695,0.0431,0,15.1886,142.8407,75.9551,16.9275,3.8184,7.0415,3.2914,1.8322,0.1732,0.048,0,33.7534,45.4676,24.1773,5.3882,1.2154,2.2414,1.0477,0.5832,0.0551,0.0153,0,10.7441,7.6424,0.4766,0.2842,0.1157,0.3007,0.1841,0.1253,0.0141,0.0043,0,6.1374,5860,53,9,1,3,1,0,0,0,2,NA,NA,NA,NA,NA,NA
NT,PC,15,PC_NT15,Davide,1733325968,ScannerOrCamera,EPSON EPSON Scan 2 EPSON Expression 12000XL 2.2 V6.6 6.6.64.35952,1084.6074,27.8928,38.8848,0 0 6592 9190  0,MAG ANG DIAM LEN,Grey Intr cm 0.004231 0.004231,GreyThdAutom-140,Smooth Off Area Off LWRatio Off,Off,0.006,1280.6365,0,37.6271,0,118.209,0,0.2938,0,213439.4154,0,0.868,0,0,7216,5978,1173,NA,NA,NA,NA,NA,NA,NA,NA,NA,NA,NA,NA,NA,NA,NA,NA,NA,NA,0,NA,NA,NA,NA,NA,NA,NA,NA,NA,NA,10,0.0000000 0.5000000 1.0000000 1.5000000 2.0000000 2.5000000 3.0000000 3.5000000 4.0000000 4.5000000,1280.5016,1179.2798,65.5436,10.8056,3.1938,0.5123,0.8444,1.3443,3.0075,0.5067,15.4637,106.6892,54.3884,13.5475,4.0162,1.7286,0.3525,0.7324,1.4034,3.5509,0.6954,26.2738,33.9602,17.3124,4.3123,1.2784,0.5502,0.1122,0.2331,0.4467,1.1303,0.2213,8.3632,4.8916,0.2891,0.2313,0.1202,0.0749,0.0193,0.0506,0.1167,0.3342,0.076,3.5791,7160,42,6,4,0,1,0,1,0,2,NA,NA,NA,NA,NA,NA
NT,PC,16,PC_NT16,Davide,1733328668,ScannerOrCamera,EPSON EPSON Scan 2 EPSON Expression 12000XL 2.2 V6.6 6.6.64.35952,1084.6074,27.8928,38.8848,0 0 6592 9190  0,MAG ANG DIAM LEN,Grey Intr cm 0.004231 0.004231,GreyThdAutom-139,Smooth Off Area Off LWRatio Off,Off,0.006,2358.2406,0,72.32,0,227.2001,0,0.3067,0,393040.1015,0,1.742,0,0,14846,12183,2238,NA,NA,NA,NA,NA,NA,NA,NA,NA,NA,NA,NA,NA,NA,NA,NA,NA,NA,0,NA,NA,NA,NA,NA,NA,NA,NA,NA,NA,10,0.0000000 0.5000000 1.0000000 1.5000000 2.0000000 2.5000000 3.0000000 3.5000000 4.0000000 4.5000000,2357.3385,2127.8845,162.9117,24.338,15.2394,8.0253,3.7863,0.4071,0.701,0.5962,13.4491,206.046,114.05,34.0863,9.3104,8.1603,5.6365,3.2787,0.4014,0.8688,0.7889,29.4647,65.5865,36.3033,10.85,2.9636,2.5975,1.7941,1.0436,0.1278,0.2765,0.2511,9.3789,7.8818,0.6828,0.5877,0.2871,0.3496,0.3166,0.2263,0.0315,0.0857,0.0832,5.2313,14762,62,11,5,0,1,2,0,1,2,NA,NA,NA,NA,NA,NA
NT,PC,17,PC_NT17,Davide,1733331880,ScannerOrCamera,EPSON EPSON Scan 2 EPSON Expression 12000XL 2.2 V6.6 6.6.64.35952,1084.6074,27.8928,38.8848,0 0 6592 9190  0,MAG ANG DIAM LEN,Grey Intr cm 0.004231 0.004231,GreyThdAutom-141,Smooth Off Area Off LWRatio Off,Off,0.006,2253.1471,0,60.9297,0,191.4164,0,0.2704,0,375524.512,0,1.294,0,0,16146,12474,2363,NA,NA,NA,NA,NA,NA,NA,NA,NA,NA,NA,NA,NA,NA,NA,NA,NA,NA,0,NA,NA,NA,NA,NA,NA,NA,NA,NA,NA,10,0.0000000 0.5000000 1.0000000 1.5000000 2.0000000 2.5000000 3.0000000 3.5000000 4.0000000 4.5000000,2252.4179,2125.2694,92.2327,11.6436,1.9359,0.6028,0.1083,0.7749,1.9508,0.8485,17.0509,167.8276,103.8274,18.5267,4.2898,1.0272,0.419,0.0941,0.8397,2.2695,1.1219,35.4123,53.4212,33.0493,5.8972,1.3655,0.327,0.1334,0.03,0.2673,0.7224,0.3571,11.2721,7.4205,0.5834,0.3069,0.1276,0.0436,0.0233,0.0065,0.0724,0.2105,0.1181,5.9282,16047,84,9,0,1,0,1,1,0,3,NA,NA,NA,NA,NA,NA
NT,PC,18,PC_NT18,Davide,1733332803,ScannerOrCamera,EPSON EPSON Scan 2 EPSON Expression 12000XL 2.2 V6.6 6.6.64.35952,1084.6074,27.8928,38.8848,0 0 6592 9190  0,MAG ANG DIAM LEN,Grey Intr cm 0.004231 0.004231,GreyThdAutom-140,Smooth Off Area Off LWRatio Off,Off,0.006,2543.1057,0,67.7069,0,212.7075,0,0.2662,0,423850.9502,0,1.416,0,0,13142,11764,2617,NA,NA,NA,NA,NA,NA,NA,NA,NA,NA,NA,NA,NA,NA,NA,NA,NA,NA,0,NA,NA,NA,NA,NA,NA,NA,NA,NA,NA,10,0.0000000 0.5000000 1.0000000 1.5000000 2.0000000 2.5000000 3.0000000 3.5000000 4.0000000 4.5000000,2542.0718,2346.6371,140.3659,27.0744,6.1283,2.421,2.7077,0.3596,0.3423,0.9545,15.081,192.7345,117.175,28.9708,10.1301,3.2249,1.7252,2.248,0.3839,0.4094,1.256,27.2111,61.3493,37.298,9.2217,3.2245,1.0265,0.5492,0.7155,0.1222,0.1303,0.3998,8.6616,6.0843,0.6632,0.4938,0.3055,0.136,0.0983,0.149,0.0326,0.039,0.1315,4.0355,13098,39,3,1,0,0,0,0,1,0,NA,NA,NA,NA,NA,NA
NT,PC,19,PC_NT19,Davide,1733333931,ScannerOrCamera,EPSON EPSON Scan 2 EPSON Expression 12000XL 2.2 V6.6 6.6.64.35952,1084.6074,27.8928,38.8848,0 0 6592 9190  0,MAG ANG DIAM LEN,Grey Intr cm 0.004231 0.004231,GreyThdAutom-140,Smooth Off Area Off LWRatio Off,Off,0.006,2358.0708,0,70.6228,0,221.868,0,0.2995,0,393011.7918,0,1.661,0,0,18400,13100,2191,NA,NA,NA,NA,NA,NA,NA,NA,NA,NA,NA,NA,NA,NA,NA,NA,NA,NA,0,NA,NA,NA,NA,NA,NA,NA,NA,NA,NA,10,0.0000000 0.5000000 1.0000000 1.5000000 2.0000000 2.5000000 3.0000000 3.5000000 4.0000000 4.5000000,2357.2914,2160.5819,153.1952,12.0185,2.3896,2.2498,1.4137,2.6005,1.458,4.4293,16.9548,197.5562,110.2105,31.337,4.414,1.2921,1.6455,1.19,2.6584,1.6923,6.0169,37.0995,62.8841,35.0811,9.9749,1.405,0.4113,0.5238,0.3788,0.8462,0.5387,1.9152,11.8091,9.4395,0.6571,0.5279,0.1307,0.056,0.096,0.0798,0.2165,0.1565,0.6508,6.8682,18264,120,12,0,1,0,0,0,0,3,NA,NA,NA,NA,NA,NA
NT,PC,20,PC_NT20,Davide,1733334462,ScannerOrCamera,EPSON EPSON Scan 2 EPSON Expression 12000XL 2.2 V6.6 6.6.64.35952,1084.6074,27.8928,38.8848,0 0 6592 9190  0,MAG ANG DIAM LEN,Grey Intr cm 0.004231 0.004231,GreyThdAutom-140,Smooth Off Area Off LWRatio Off,Off,0.006,821.0859,0,25.9378,0,81.4861,0,0.3159,0,136847.6428,0,0.644,0,0,8199,3478,490,NA,NA,NA,NA,NA,NA,NA,NA,NA,NA,NA,NA,NA,NA,NA,NA,NA,NA,0,NA,NA,NA,NA,NA,NA,NA,NA,NA,NA,10,0.0000000 0.5000000 1.0000000 1.5000000 2.0000000 2.5000000 3.0000000 3.5000000 4.0000000 4.5000000,820.7205,724.1922,56.3892,7.7933,7.6516,13.3947,8.547,1.9424,0.6738,0.0972,0.0391,74.1296,35.865,11.3568,3.0985,4.1732,9.5449,7.1397,1.9735,0.7954,0.1252,0.0573,23.5962,11.4162,3.615,0.9863,1.3284,3.0382,2.2726,0.6282,0.2532,0.0399,0.0182,1.9563,0.2144,0.1873,0.0992,0.1826,0.543,0.4755,0.1598,0.0748,0.0128,0.0067,8154,39,2,1,1,1,0,1,0,0,NA,NA,NA,NA,NA,NA
NT,PC,21,PC_NT21,Davide,1733335496,ScannerOrCamera,EPSON EPSON Scan 2 EPSON Expression 12000XL 2.2 V6.6 6.6.64.35952,1084.6074,27.8928,38.8848,0 0 6592 9190  0,MAG ANG DIAM LEN,Grey Intr cm 0.004231 0.004231,GreyThdAutom-138,Smooth Off Area Off LWRatio Off,Off,0.006,4296.9994,0,142.215,0,446.7815,0,0.331,0,716166.5657,0,3.697,0,0,33330,30917,5303,NA,NA,NA,NA,NA,NA,NA,NA,NA,NA,NA,NA,NA,NA,NA,NA,NA,NA,0,NA,NA,NA,NA,NA,NA,NA,NA,NA,NA,10,0.0000000 0.5000000 1.0000000 1.5000000 2.0000000 2.5000000 3.0000000 3.5000000 4.0000000 4.5000000,4294.906,3834.7399,311.4848,46.5172,33.3832,30.5584,7.7346,5.172,2.3024,1.794,21.2194,397.2579,203.4207,65.595,17.8865,18.3592,21.8609,6.4424,5.2489,2.6795,2.432,53.3329,126.4511,64.7508,20.8796,5.6934,5.8439,6.9585,2.0507,1.6708,0.8529,0.7741,16.9764,17.5124,1.2574,1.1392,0.5554,0.8082,1.2497,0.4279,0.4246,0.2485,0.2625,11.1391,33117,179,18,5,5,1,0,0,3,2,NA,NA,NA,NA,NA,NA
NT,PC,22,PC_NT22,Davide,1733336183,ScannerOrCamera,EPSON EPSON Scan 2 EPSON Expression 12000XL 2.2 V6.6 6.6.64.35952,1084.6074,27.8928,38.8848,0 0 6592 9190  0,MAG ANG DIAM LEN,Grey Intr cm 0.004231 0.004231,GreyThdAutom-141,Smooth Off Area Off LWRatio Off,Off,0.006,893.6309,0,40.9623,0,128.6867,0,0.4584,0,148938.4754,0,1.475,0,0,4535,5156,599,NA,NA,NA,NA,NA,NA,NA,NA,NA,NA,NA,NA,NA,NA,NA,NA,NA,NA,0,NA,NA,NA,NA,NA,NA,NA,NA,NA,NA,10,0.0000000 0.5000000 1.0000000 1.5000000 2.0000000 2.5000000 3.0000000 3.5000000 4.0000000 4.5000000,893.2823,724.9616,133.2484,15.9646,3.0292,0.5618,1.9421,0.2824,0.2635,0.1437,12.885,117.5534,44.4103,28.1749,5.8898,1.646,0.3809,1.6713,0.2983,0.3104,0.2007,34.5708,37.4184,14.1363,8.9683,1.8748,0.5239,0.1212,0.532,0.0949,0.0988,0.0639,11.0042,8.8204,0.293,0.4905,0.175,0.0716,0.0206,0.1147,0.025,0.0291,0.0223,7.5785,4496,29,6,1,2,0,0,0,0,1,NA,NA,NA,NA,NA,NA
NT,PC,23,PC_NT23,Davide,1733336687,ScannerOrCamera,EPSON EPSON Scan 2 EPSON Expression 12000XL 2.2 V6.6 6.6.64.35952,1084.6074,27.8928,38.8848,0 0 6592 9190  0,MAG ANG DIAM LEN,Grey Intr cm 0.004231 0.004231,GreyThdAutom-141,Smooth Off Area Off LWRatio Off,Off,0.006,1356.8993,0,43.0281,0,135.1769,0,0.3171,0,226149.8896,0,1.072,0,0,9574,6299,1129,NA,NA,NA,NA,NA,NA,NA,NA,NA,NA,NA,NA,NA,NA,NA,NA,NA,NA,0,NA,NA,NA,NA,NA,NA,NA,NA,NA,NA,10,0.0000000 0.5000000 1.0000000 1.5000000 2.0000000 2.5000000 3.0000000 3.5000000 4.0000000 4.5000000,1356.3024,1234.1178,82.1057,18.04,5.5044,1.1912,0.8951,0,0,0,14.4481,126.9541,61.2258,17.4394,6.6711,2.9464,0.7995,0.7574,0,0,0,37.1146,40.4107,19.4888,5.5511,2.1235,0.9379,0.2545,0.2411,0,0,0,11.8139,8.6263,0.355,0.3063,0.1995,0.1261,0.0428,0.051,0,0,0,7.5455,9515,47,7,2,0,0,1,0,0,2,NA,NA,NA,NA,NA,NA
NT,PC,24,PC_NT24,Davide,1733337249,ScannerOrCamera,EPSON EPSON Scan 2 EPSON Expression 12000XL 2.2 V6.6 6.6.64.35952,1084.6074,27.8928,38.8848,0 0 6592 9190  0,MAG ANG DIAM LEN,Grey Intr cm 0.004231 0.004231,GreyThdAutom-139,Smooth Off Area Off LWRatio Off,Off,0.006,2489.6863,0,71.7261,0,225.3343,0,0.2881,0,414947.7112,0,1.623,0,0,11945,12799,2892,NA,NA,NA,NA,NA,NA,NA,NA,NA,NA,NA,NA,NA,NA,NA,NA,NA,NA,0,NA,NA,NA,NA,NA,NA,NA,NA,NA,NA,10,0.0000000 0.5000000 1.0000000 1.5000000 2.0000000 2.5000000 3.0000000 3.5000000 4.0000000 4.5000000,2488.9302,2269.5548,150.3908,24.8358,19.7343,9.3105,1.0665,0.3131,0.2194,0.058,13.447,205.9766,115.807,30.7035,9.4937,11.1091,6.4715,0.9252,0.2958,0.2289,0.0785,30.8633,65.5644,36.8625,9.7732,3.0219,3.5361,2.0599,0.2945,0.0942,0.0729,0.025,9.8241,8.186,0.6745,0.5168,0.2924,0.4999,0.3596,0.064,0.0222,0.0187,0.0085,5.7293,11866,66,7,1,0,0,0,0,0,5,NA,NA,NA,NA,NA,NA
NT,PC,25,PC_NT25,Davide,1733337795,ScannerOrCamera,EPSON EPSON Scan 2 EPSON Expression 12000XL 2.2 V6.6 6.6.64.35952,1084.6074,27.8928,38.8848,0 0 6592 9190  0,MAG ANG DIAM LEN,Grey Intr cm 0.004231 0.004231,GreyThdAutom-140,Smooth Off Area Off LWRatio Off,Off,0.006,2192.8059,0,61.8009,0,194.1532,0,0.2818,0,365467.6523,0,1.368,0,0,19617,11514,1901,NA,NA,NA,NA,NA,NA,NA,NA,NA,NA,NA,NA,NA,NA,NA,NA,NA,NA,0,NA,NA,NA,NA,NA,NA,NA,NA,NA,NA,10,0.0000000 0.5000000 1.0000000 1.5000000 2.0000000 2.5000000 3.0000000 3.5000000 4.0000000 4.5000000,2191.7631,2044.5229,106.1119,13.7316,1.4739,3.6981,1.2091,2.1292,2.3657,1.8936,14.6271,173.6405,104.7809,21.9259,4.9706,0.7901,2.719,1.0191,2.1645,2.831,2.487,29.9523,55.2715,33.3528,6.9792,1.5822,0.2515,0.8655,0.3244,0.689,0.9011,0.7916,9.5341,7.1402,0.5999,0.3745,0.1447,0.034,0.1595,0.0686,0.1753,0.27,0.26,5.0537,19476,129,7,2,0,0,1,1,0,1,NA,NA,NA,NA,NA,NA
T,PC,1,PC_T1,Davide,16/04/2024 10:54:17,ScannerOrCamera,EPSON EPSON Scan 2 EPSON Expression 12000XL 2.2 V6.6 6.6.64.35952,1084.6074,27.8928,38.8848,0 0 6592 9190  0,MAG ANG DIAM LEN,Grey Intr cm 0.004231 0.004231,GreyThdAutom-141,Smooth Off Area Off LWRatio Off,Off,0.006,1590.9758,0,50.2667,0,157.9176,0,0.3159,0,265162.6345,0,1.247,0,0,4124,7863,1746,NA,NA,NA,NA,NA,NA,NA,NA,NA,NA,NA,NA,NA,NA,NA,NA,NA,NA,0,NA,NA,NA,NA,NA,NA,NA,NA,NA,NA,10,0.0000000 0.5000000 1.0000000 1.5000000 2.0000000 2.5000000 3.0000000 3.5000000 4.0000000 4.5000000,1590.445,1447.1622,98.9419,18.1435,7.8767,3.0008,2.3077,1.5602,1.6855,1.4065,8.3601,143.0412,86.8021,19.9386,6.9527,4.192,2.1298,1.9355,1.5873,1.965,1.9035,15.6346,45.5314,27.63,6.3466,2.2131,1.3344,0.6779,0.6161,0.5052,0.6255,0.6059,4.9766,4.437,0.5491,0.331,0.2151,0.1784,0.1208,0.1295,0.1289,0.1824,0.2051,2.3967,4068,41,6,4,1,1,1,0,0,2,NA,NA,NA,NA,NA,NA
T,PC,2,PC_T2,Davide,16/04/2024 11:09:02,ScannerOrCamera,EPSON EPSON Scan 2 EPSON Expression 12000XL 2.2 V6.6 6.6.64.35952,1084.6074,27.8928,38.8848,0 0 6592 9190  0,MAG ANG DIAM LEN,Grey Intr cm 0.004231 0.004231,GreyThdAutom-143,Smooth Off Area Off LWRatio Off,Off,0.006,1607.9981,0,42.4962,0,133.5057,0,0.2643,0,267999.6868,0,0.882,0,0,9274,8635,1556,NA,NA,NA,NA,NA,NA,NA,NA,NA,NA,NA,NA,NA,NA,NA,NA,NA,NA,0,NA,NA,NA,NA,NA,NA,NA,NA,NA,NA,10,0.0000000 0.5000000 1.0000000 1.5000000 2.0000000 2.5000000 3.0000000 3.5000000 4.0000000 4.5000000,1607.571,1521.1231,53.4415,6.524,6.2163,2.2494,2.7804,2.8447,2.9135,0.1755,9.3026,117.8426,75.1257,10.8316,2.6054,3.4484,1.6126,2.4099,2.9097,3.381,0.2331,15.285,37.5105,23.9132,3.4478,0.8293,1.0977,0.5133,0.7671,0.9262,1.0762,0.0742,4.8654,3.6795,0.4163,0.1808,0.0839,0.1532,0.0925,0.1666,0.2374,0.3126,0.0247,2.0116,9230,40,1,1,1,0,1,0,0,0,NA,NA,NA,NA,NA,NA
T,PC,3,PC_T3,Davide,16/04/2024 11:23:04,ScannerOrCamera,EPSON EPSON Scan 2 EPSON Expression 12000XL 2.2 V6.6 6.6.64.35952,1084.6074,27.8928,38.8848,0 0 6592 9190  0,MAG ANG DIAM LEN,Grey Intr cm 0.004231 0.004231,GreyThdAutom-139,Smooth Off Area Off LWRatio Off,Off,0.006,1684.8336,0,57.8557,0,181.759,0,0.3434,0,280805.5973,0,1.56,0,0,9521,8297,1417,NA,NA,NA,NA,NA,NA,NA,NA,NA,NA,NA,NA,NA,NA,NA,NA,NA,NA,0,NA,NA,NA,NA,NA,NA,NA,NA,NA,NA,10,0.0000000 0.5000000 1.0000000 1.5000000 2.0000000 2.5000000 3.0000000 3.5000000 4.0000000 4.5000000,1684.4174,1509.5656,93.1844,38.923,14.1002,5.6029,1.8415,0.2682,1.3048,2.3861,17.2405,165.9443,76.6696,21.007,14.6819,7.8467,3.8297,1.5875,0.2719,1.5509,3.1478,35.3511,52.8217,24.4047,6.6867,4.6734,2.4977,1.219,0.5053,0.0866,0.49370000000000003,1.002,11.2526,8.4514,0.43120000000000003,0.3951,0.4467,0.3495,0.2089,0.1092,0.022,0.1469,0.3306,6.0114,9458,42,13,4,0,0,0,2,0,2,NA,NA,NA,NA,NA,NA
T,PC,4,PC_T4,Davide,16/04/2024 11:31:29,ScannerOrCamera,EPSON EPSON Scan 2 EPSON Expression 12000XL 2.2 V6.6 6.6.64.35952,1084.6074,27.8928,38.8848,0 0 6592 9190  0,MAG ANG DIAM LEN,Grey Intr cm 0.004231 0.004231,GreyThdAutom-143,Smooth Off Area Off LWRatio Off,Off,0.006,1151.234,0,35.5306,0,111.6226,0,0.3086,0,191872.336,0,0.861,0,0,6417,5445,860,NA,NA,NA,NA,NA,NA,NA,NA,NA,NA,NA,NA,NA,NA,NA,NA,NA,NA,0,NA,NA,NA,NA,NA,NA,NA,NA,NA,NA,10,0.0000000 0.5000000 1.0000000 1.5000000 2.0000000 2.5000000 3.0000000 3.5000000 4.0000000 4.5000000,1151.0115,1047.5173,75.391,6.6695,1.6071,0.5619,2.7347,2.769,2.6413,2.2101,8.9095,99.5392,53.996,15.7474,2.4963,0.828,0.4005,2.3905,2.7451,3.1765,2.997,14.762,31.6843,17.1875,5.0126,0.7946,0.2636,0.1275,0.7609,0.8738,1.0111,0.954,4.6989,3.7031,0.3061,0.2705,0.0756,0.0342,0.0228,0.1666,0.2169,0.3043,0.3241,1.9819,6383,31,2,0,0,0,0,1,0,0,NA,NA,NA,NA,NA,NA
T,PC,5,PC_T5,Davide,16/04/2024 11:40:55,ScannerOrCamera,EPSON EPSON Scan 2 EPSON Expression 12000XL 2.2 V6.6 6.6.64.35952,1084.6074,27.8928,38.8848,0 0 6592 9190  0,MAG ANG DIAM LEN,Grey Intr cm 0.004231 0.004231,GreyThdAutom-141,Smooth Off Area Off LWRatio Off,Off,0.006,1894.276,0,51.4762,0,161.7174,0,0.2717,0,315712.6646,0,1.099,0,0,11930,9247,1845,NA,NA,NA,NA,NA,NA,NA,NA,NA,NA,NA,NA,NA,NA,NA,NA,NA,NA,0,NA,NA,NA,NA,NA,NA,NA,NA,NA,NA,10,0.0000000 0.5000000 1.0000000 1.5000000 2.0000000 2.5000000 3.0000000 3.5000000 4.0000000 4.5000000,1894.0721,1777.8298,83.9316,10.0242,3.3491,1.6411,0.3738,0.7214,1.6913,1.7815,12.7283,146.0894,91.8669,17.1427,3.6031,1.8391,1.1754,0.3259,0.7379,1.9997,2.3487,25.05,46.5017,29.2421,5.4567,1.1469,0.5854,0.3741,0.1037,0.2349,0.6365,0.7476,7.9737,5.597,0.5446,0.2901,0.1041,0.0808,0.0673,0.0226,0.0602,0.1884,0.2467,3.9923,11832,83,7,0,0,0,0,2,1,5,NA,NA,NA,NA,NA,NA
T,PC,6,PC_T6,Davide,16/04/2024 11:52:02,ScannerOrCamera,EPSON EPSON Scan 2 EPSON Expression 12000XL 2.2 V6.6 6.6.64.35952,1084.6074,27.8928,38.8848,0 0 6592 9190  0,MAG ANG DIAM LEN,Grey Intr cm 0.004231 0.004231,GreyThdAutom-141,Smooth Off Area Off LWRatio Off,Off,0.006,1786.8569,0,45.699,0,143.5675,0,0.2558,0,297809.4869,0,0.918,0,0,14224,9556,1794,NA,NA,NA,NA,NA,NA,NA,NA,NA,NA,NA,NA,NA,NA,NA,NA,NA,NA,0,NA,NA,NA,NA,NA,NA,NA,NA,NA,NA,10,0.0000000 0.5000000 1.0000000 1.5000000 2.0000000 2.5000000 3.0000000 3.5000000 4.0000000 4.5000000,1786.3017,1679.8939,73.7044,13.4518,3.077,0.5583,1.1218,0.3839,0.0887,1.8283,12.1936,128.8,80.5498,14.9068,5.2089,1.617,0.3723,0.9959,0.3738,0.1089,2.522,22.1444,40.9983,25.6398,4.745,1.658,0.5147,0.1185,0.317,0.119,0.0347,0.8028,7.0488,4.5647,0.4382,0.2486,0.1624,0.0679,0.0198,0.0706,0.029,0.0107,0.2769,3.2406,14112,103,3,2,1,1,0,0,0,2,NA,NA,NA,NA,NA,NA
T,PC,7,PC_T7,Davide,16/04/2024 12:08:42,ScannerOrCamera,EPSON EPSON Scan 2 EPSON Expression 12000XL 2.2 V6.6 6.6.64.35952,1084.6074,27.8928,38.8848,0 0 6592 9190  0,MAG ANG DIAM LEN,Grey Intr cm 0.004231 0.004231,GreyThdAutom-139,Smooth Off Area Off LWRatio Off,Off,0.006,3745.0966,0,93.6929,0,294.3448,0,0.2502,0,624182.762,0,1.841,0,0,24636,26163,5693,NA,NA,NA,NA,NA,NA,NA,NA,NA,NA,NA,NA,NA,NA,NA,NA,NA,NA,0,NA,NA,NA,NA,NA,NA,NA,NA,NA,NA,10,0.0000000 0.5000000 1.0000000 1.5000000 2.0000000 2.5000000 3.0000000 3.5000000 4.0000000 4.5000000,3742.7718,3478.8063,206.8566,26.0689,10.2806,3.966,2.7925,0.534,0.3636,0.9928,12.1106,261.743,167.8495,43.0784,9.7395,5.4534,2.8105,2.3705,0.5379,0.4342,1.3399,28.1292,83.3154,53.4282,13.7123,3.1002,1.7359,0.8946,0.7546,0.1712,0.1382,0.4265,8.9538,8.1861,0.9314,0.7418,0.2935,0.2315,0.1592,0.1607,0.0432,0.0413,0.1439,5.4395,24543,79,9,3,0,1,0,0,0,1,NA,NA,NA,NA,NA,NA
T,PC,8,PC_T8,Davide,16/04/2024 12:20:59,ScannerOrCamera,EPSON EPSON Scan 2 EPSON Expression 12000XL 2.2 V6.6 6.6.64.35952,1084.6074,27.8928,38.8848,0 0 6592 9190  0,MAG ANG DIAM LEN,Grey Intr cm 0.004231 0.004231,GreyThdAutom-140,Smooth Off Area Off LWRatio Off,Off,0.006,2061.1205,0,62.311,0,195.7557,0,0.3023,0,343520.0867,0,1.48,0,0,12719,13328,2289,NA,NA,NA,NA,NA,NA,NA,NA,NA,NA,NA,NA,NA,NA,NA,NA,NA,NA,0,NA,NA,NA,NA,NA,NA,NA,NA,NA,NA,10,0.0000000 0.5000000 1.0000000 1.5000000 2.0000000 2.5000000 3.0000000 3.5000000 4.0000000 4.5000000,2060.3769,1892.1648,122.2601,14.0727,3.499,0.8867,0.5975,0.2392,1.7542,3.9377,20.9649,175.5941,96.9068,24.8532,5.1217,1.8407,0.6367,0.5168,0.2386,2.042,5.3445,38.0931,55.8934,30.8464,7.911,1.6303,0.5859,0.2027,0.1645,0.0759,0.65,1.7012,12.1254,7.6344,0.5653,0.4163,0.1499,0.0776,0.0366,0.0357,0.019,0.1893,0.5779,5.5671,12636,69,9,0,0,1,0,0,0,4,NA,NA,NA,NA,NA,NA
T,PC,9,PC_T9,Davide,16/04/2024 12:31:16,ScannerOrCamera,EPSON EPSON Scan 2 EPSON Expression 12000XL 2.2 V6.6 6.6.64.35952,1084.6074,27.8928,38.8848,0 0 6592 9190  0,MAG ANG DIAM LEN,Grey Intr cm 0.004231 0.004231,GreyThdAutom-140,Smooth Off Area Off LWRatio Off,Off,0.006,631.9176,0,29.0355,0,91.2177,0,0.4595,0,105319.6003,0,1.048,0,0,3611,2804,274,NA,NA,NA,NA,NA,NA,NA,NA,NA,NA,NA,NA,NA,NA,NA,NA,NA,NA,0,NA,NA,NA,NA,NA,NA,NA,NA,NA,NA,10,0.0000000 0.5000000 1.0000000 1.5000000 2.0000000 2.5000000 3.0000000 3.5000000 4.0000000 4.5000000,631.6931,473.4042,108.037,30.3107,7.6283,3.1998,2.3178,2.5733,2.2023,1.3012,0.7187,82.8495,30.7265,23.6549,11.5239,4.041,2.239,1.9619,2.6482,2.606,1.7389,1.7093,26.3718,9.7805,7.5296,3.6682,1.2863,0.7127,0.6245,0.8429,0.8295,0.5535,0.5441,2.41,0.2171,0.4283,0.3539,0.1713,0.1253,0.1326,0.2174,0.2456,0.1851,0.3335,3579,22,4,4,1,0,0,1,0,0,NA,NA,NA,NA,NA,NA
T,PC,10,PC_T10,Davide,16/04/2024 14:30:27,ScannerOrCamera,EPSON EPSON Scan 2 EPSON Expression 12000XL 2.2 V6.6 6.6.64.35952,1084.6074,27.8928,38.8848,0 0 6592 9190  0,MAG ANG DIAM LEN,Grey Intr cm 0.004231 0.004231,GreyThdAutom-138,Smooth Off Area Off LWRatio Off,Off,0.006,1091.807,0,42.9559,0,134.9499,0,0.3934,0,181967.8356,0,1.327,0,0,8982,4789,555,NA,NA,NA,NA,NA,NA,NA,NA,NA,NA,NA,NA,NA,NA,NA,NA,NA,NA,0,NA,NA,NA,NA,NA,NA,NA,NA,NA,NA,10,0.0000000 0.5000000 1.0000000 1.5000000 2.0000000 2.5000000 3.0000000 3.5000000 4.0000000 4.5000000,1091.5762,939.6549,102.9487,24.0258,3.091,0.7526,0.2622,1.5499,1.7573,1.1329,16.4009,123.9085,48.7236,23.7684,8.7458,1.6837,0.5268,0.2405,1.6177,2.0343,1.4996,35.0681,39.4413,15.5092,7.5657,2.7839,0.536,0.1677,0.0766,0.5149,0.6475,0.4773,11.1625,7.694,0.2813,0.4531,0.2565,0.0736,0.0295,0.0176,0.1346,0.1876,0.1582,6.1019,8912,54,9,4,1,0,0,1,0,1,NA,NA,NA,NA,NA,NA
T,PC,11,PC_T11,Davide,16/04/2024 14:43:09,ScannerOrCamera,EPSON EPSON Scan 2 EPSON Expression 12000XL 2.2 V6.6 6.6.64.35952,1084.6074,27.8928,38.8848,0 0 6592 9190  0,MAG ANG DIAM LEN,Grey Intr cm 0.004231 0.004231,GreyThdAutom-138,Smooth Off Area Off LWRatio Off,Off,0.006,1083.7193,0,40.6654,0,127.754,0,0.3752,0,180619.8762,0,1.198,0,0,8039,4544,595,NA,NA,NA,NA,NA,NA,NA,NA,NA,NA,NA,NA,NA,NA,NA,NA,NA,NA,0,NA,NA,NA,NA,NA,NA,NA,NA,NA,NA,10,0.0000000 0.5000000 1.0000000 1.5000000 2.0000000 2.5000000 3.0000000 3.5000000 4.0000000 4.5000000,1083.3938,949.5888,67.9957,38.6161,6.887,3.0048,1.5266,1.908,0.9448,0.6106,12.3114,119.1426,54.4131,14.9545,14.4782,3.5698,2.1579,1.2828,1.8909,1.1196,0.8161,24.4599,37.9243,17.3202,4.7602,4.6086,1.1363,0.6869,0.4083,0.6019,0.3564,0.2598,7.7858,5.6681,0.3436,0.2736,0.437,0.1479,0.1237,0.0859,0.1494,0.1057,0.0868,3.9146,7973,51,8,0,1,1,2,0,0,3,NA,NA,NA,NA,NA,NA
T,PC,12,PC_T12,Davide,16/04/2024 14:54:58,ScannerOrCamera,EPSON EPSON Scan 2 EPSON Expression 12000XL 2.2 V6.6 6.6.64.35952,1084.6074,27.8928,38.8848,0 0 6592 9190  0,MAG ANG DIAM LEN,Grey Intr cm 0.004231 0.004231,GreyThdAutom-140,Smooth Off Area Off LWRatio Off,Off,0.006,746.9728,0,25.1751,0,79.0899,0,0.337,0,124495.4627,0,0.666,0,0,3383,2926,437,NA,NA,NA,NA,NA,NA,NA,NA,NA,NA,NA,NA,NA,NA,NA,NA,NA,NA,0,NA,NA,NA,NA,NA,NA,NA,NA,NA,NA,10,0.0000000 0.5000000 1.0000000 1.5000000 2.0000000 2.5000000 3.0000000 3.5000000 4.0000000 4.5000000,746.7432,679.028,46.6557,2.2175,2.5982,1.7122,0,0.5668,1.9007,2.9073,9.1568,73.7256,38.5056,9.6129,0.8007,1.5009,1.1615,0,0.5829,2.3043,3.8683,15.3885,23.4676,12.2567,3.0599,0.2549,0.4777,0.3697,0,0.1855,0.7335,1.2313,4.8983,3.315,0.2402,0.1635,0.0233,0.0693,0.0628,0,0.0477,0.2226,0.4098,2.0758,3340,36,1,0,0,0,1,1,1,3,NA,NA,NA,NA,NA,NA
T,PC,13,PC_T13,Davide,16/04/2024 15:09:24,ScannerOrCamera,EPSON EPSON Scan 2 EPSON Expression 12000XL 2.2 V6.6 6.6.64.35952,1084.6074,27.8928,38.8848,0 0 6592 9190  0,MAG ANG DIAM LEN,Grey Intr cm 0.004231 0.004231,GreyThdAutom-139,Smooth Off Area Off LWRatio Off,Off,0.006,2015.4122,0,52.8607,0,166.0668,0,0.2623,0,335902.0378,0,1.089,0,0,11361,8955,1925,NA,NA,NA,NA,NA,NA,NA,NA,NA,NA,NA,NA,NA,NA,NA,NA,NA,NA,0,NA,NA,NA,NA,NA,NA,NA,NA,NA,NA,10,0.0000000 0.5000000 1.0000000 1.5000000 2.0000000 2.5000000 3.0000000 3.5000000 4.0000000 4.5000000,2014.8678,1907.2853,75.5272,9.8128,2.6554,1.021,1.0829,4.0814,2.2039,4.7583,6.4396,151.2144,106.241,15.264,3.5605,1.4306,0.7353,0.9637,4.1184,2.6558,6.3442,9.9009,48.133,33.8176,4.8587,1.1333,0.4554,0.2341,0.3068,1.3109,0.8454,2.0194,3.1515,3.6455,0.6334,0.2549,0.1042,0.0618,0.0424,0.0683,0.3311,0.2548,0.674,1.2206,11286,62,7,1,0,1,1,1,0,2,NA,NA,NA,NA,NA,NA
T,PC,14,PC_T14,Davide,16/04/2024 15:21:36,ScannerOrCamera,EPSON EPSON Scan 2 EPSON Expression 12000XL 2.2 V6.6 6.6.64.35952,1084.6074,27.8928,38.8848,0 0 6592 9190  0,MAG ANG DIAM LEN,Grey Intr cm 0.004231 0.004231,GreyThdAutom-138,Smooth Off Area Off LWRatio Off,Off,0.006,2264.8289,0,58.8949,0,185.0239,0,0.26,0,377471.4755,0,1.203,0,0,18117,12594,2072,NA,NA,NA,NA,NA,NA,NA,NA,NA,NA,NA,NA,NA,NA,NA,NA,NA,NA,0,NA,NA,NA,NA,NA,NA,NA,NA,NA,NA,10,0.0000000 0.5000000 1.0000000 1.5000000 2.0000000 2.5000000 3.0000000 3.5000000 4.0000000 4.5000000,2264.3248,2082.9738,138.0501,24.8837,3.1442,1.9861,0.389,0.2427,0,1.9688,10.6864,168.3135,104.9452,28.8908,9.1573,1.6935,1.3774,0.3317,0.2397,0,2.7537,18.9241,53.5758,33.4051,9.1962,2.9149,0.5391,0.4384,0.1056,0.0763,0,0.8765,6.0237,4.5651,0.6106,0.5,0.2714,0.073,0.0763,0.0225,0.0189,0,0.2942,2.698,18031,75,8,2,1,0,0,0,0,0,NA,NA,NA,NA,NA,NA
T,PC,15,PC_T15,Davide,16/04/2024 15:36:56,ScannerOrCamera,EPSON EPSON Scan 2 EPSON Expression 12000XL 2.2 V6.6 6.6.64.35952,1084.6074,27.8928,38.8848,0 0 6592 9190  0,MAG ANG DIAM LEN,Grey Intr cm 0.004231 0.004231,GreyThdAutom-142,Smooth Off Area Off LWRatio Off,Off,0.006,1673.8617,0,46.6486,0,146.5508,0,0.2787,0,278976.9509,0,1.021,0,0,13275,6063,1174,NA,NA,NA,NA,NA,NA,NA,NA,NA,NA,NA,NA,NA,NA,NA,NA,NA,NA,0,NA,NA,NA,NA,NA,NA,NA,NA,NA,NA,10,0.0000000 0.5000000 1.0000000 1.5000000 2.0000000 2.5000000 3.0000000 3.5000000 4.0000000 4.5000000,1673.4007,1574.6795,68.3038,9.5656,1.3543,1.0684,0,1.7498,0.2224,1.4569,15.0001,134.9427,83.128,13.7411,3.5478,0.7545,0.7458,0,1.7333,0.256,1.9429,29.0934,42.9536,26.4605,4.3739,1.1293,0.2402,0.2374,0,0.5517,0.0815,0.6184,9.2607,5.8142,0.4835,0.2279,0.1058,0.0337,0.0415,0,0.1368,0.0234,0.2063,4.5553,13218,46,5,0,1,0,1,0,0,4,NA,NA,NA,NA,NA,NA
T,PC,16,PC_T16,Davide,16/04/2024 15:54:38,ScannerOrCamera,EPSON EPSON Scan 2 EPSON Expression 12000XL 2.2 V6.6 6.6.64.35952,1084.6074,27.8928,38.8848,0 0 6592 9190  0,MAG ANG DIAM LEN,Grey Intr cm 0.004231 0.004231,GreyThdAutom-140,Smooth Off Area Off LWRatio Off,Off,0.006,2922.5227,0,68.2586,0,214.4406,0,0.2336,0,487087.1112,0,1.252,0,0,18515,15368,3672,NA,NA,NA,NA,NA,NA,NA,NA,NA,NA,NA,NA,NA,NA,NA,NA,NA,NA,0,NA,NA,NA,NA,NA,NA,NA,NA,NA,NA,10,0.0000000 0.5000000 1.0000000 1.5000000 2.0000000 2.5000000 3.0000000 3.5000000 4.0000000 4.5000000,2921.6058,2778.1421,115.7274,11.6258,2.32,1.0707,0.0465,0.065,0.5125,1.1892,10.9065,191.6419,139.9841,23.7179,4.307,1.2213,0.7434,0.04,0.0677,0.6237,1.6104,19.3264,61.0015,44.5583,7.5496,1.371,0.3887,0.2366,0.0127,0.0215,0.1985,0.5126,6.1518,4.3653,0.7548,0.4012,0.1288,0.0514,0.0412,0.0027,0.0056,0.0605,0.1738,2.7453,18441,64,6,3,0,0,0,0,0,1,NA,NA,NA,NA,NA,NA
T,PC,17,PC_T17,Davide,16/04/2024 16:08:01,ScannerOrCamera,EPSON EPSON Scan 2 EPSON Expression 12000XL 2.2 V6.6 6.6.64.35952,1084.6074,27.8928,38.8848,0 0 6592 9190  0,MAG ANG DIAM LEN,Grey Intr cm 0.004231 0.004231,GreyThdAutom-140,Smooth Off Area Off LWRatio Off,Off,0.006,2012.1272,0,60.2034,0,189.1346,0,0.2992,0,335354.527,0,1.415,0,0,12739,9312,1896,NA,NA,NA,NA,NA,NA,NA,NA,NA,NA,NA,NA,NA,NA,NA,NA,NA,NA,0,NA,NA,NA,NA,NA,NA,NA,NA,NA,NA,10,0.0000000 0.5000000 1.0000000 1.5000000 2.0000000 2.5000000 3.0000000 3.5000000 4.0000000 4.5000000,2011.3363,1837.1953,100.8414,37.6136,16.2319,3.1031,0.8854,0.2346,0,0.5835,14.6475,171.2362,95.5618,22.2376,14.4571,8.7318,2.1098,0.7722,0.2253,0,0.7862,26.3544,54.5062,30.4183,7.0785,4.6018,2.7794,0.6716,0.2458,0.0717,0,0.2502,8.3889,5.8479,0.5427,0.4065,0.448,0.3764,0.1146,0.0538,0.0172,0,0.0844,3.8043,12685,44,4,4,1,0,0,0,0,1,NA,NA,NA,NA,NA,NA
T,PC,18,PC_T18,Davide,16/04/2024 16:26:04,ScannerOrCamera,EPSON EPSON Scan 2 EPSON Expression 12000XL 2.2 V6.6 6.6.64.35952,1084.6074,27.8928,38.8848,0 0 6592 9190  0,MAG ANG DIAM LEN,Grey Intr cm 0.004231 0.004231,GreyThdAutom-140,Smooth Off Area Off LWRatio Off,Off,0.006,885.683,0,37.9885,0,119.3445,0,0.4289,0,147613.8321,0,1.28,0,0,4578,5328,743,NA,NA,NA,NA,NA,NA,NA,NA,NA,NA,NA,NA,NA,NA,NA,NA,NA,NA,0,NA,NA,NA,NA,NA,NA,NA,NA,NA,NA,10,0.0000000 0.5000000 1.0000000 1.5000000 2.0000000 2.5000000 3.0000000 3.5000000 4.0000000 4.5000000,885.4921,758.7153,84.0978,16.3725,8.8333,2.1442,1.3773,0.8519,0.6292,0,12.4707,107.8001,48.571,17.0599,6.3645,4.6567,1.5058,1.188,0.8676,0.7354,0,26.8512,34.3138,15.4606,5.4303,2.0259,1.4823,0.4793,0.3782,0.2762,0.2341,0,8.547,6.0026,0.3278,0.2849,0.1997,0.1965,0.0845,0.0819,0.0704,0.0685,0,4.6884,4556,16,2,1,1,1,0,0,0,1,NA,NA,NA,NA,NA,NA
T,PC,19,PC_T19,Davide,16/04/2024 16:37:43,ScannerOrCamera,EPSON EPSON Scan 2 EPSON Expression 12000XL 2.2 V6.6 6.6.64.35952,1084.6074,27.8928,38.8848,0 0 6592 9190  0,MAG ANG DIAM LEN,Grey Intr cm 0.004231 0.004231,GreyThdAutom-139,Smooth Off Area Off LWRatio Off,Off,0.006,3073.5414,0,94.7773,0,297.7516,0,0.3084,0,512256.9066,0,2.295,0,0,22989,17794,2906,NA,NA,NA,NA,NA,NA,NA,NA,NA,NA,NA,NA,NA,NA,NA,NA,NA,NA,0,NA,NA,NA,NA,NA,NA,NA,NA,NA,NA,10,0.0000000 0.5000000 1.0000000 1.5000000 2.0000000 2.5000000 3.0000000 3.5000000 4.0000000 4.5000000,3072.1655,2745.2339,244.4156,56.2285,6.6282,3.0681,1.969,1.5647,0.8069,0.2531,11.9973,268.2161,152.4356,53.289,20.7646,3.5503,2.1747,1.6767,1.5414,0.917,0.3417,31.525,85.3758,48.5218,16.9624,6.6096,1.1301,0.6922,0.5337,0.4906,0.2919,0.1088,10.0347,9.9554,0.9515,0.9649,0.6186,0.1525,0.1233,0.1138,0.1209,0.083,0.0367,6.7902,22884,85,14,2,2,0,0,0,0,2,NA,NA,NA,NA,NA,NA
T,PC,20,PC_T20,Davide,16/04/2024 16:53:01,ScannerOrCamera,EPSON EPSON Scan 2 EPSON Expression 12000XL 2.2 V6.6 6.6.64.35952,1084.6074,27.8928,38.8848,0 0 6592 9190  0,MAG ANG DIAM LEN,Grey Intr cm 0.004231 0.004231,GreyThdAutom-139,Smooth Off Area Off LWRatio Off,Off,0.006,4337.6916,0,115.5587,0,363.0383,0,0.2664,0,722948.599,0,2.418,0,0,37776,28731,5345,NA,NA,NA,NA,NA,NA,NA,NA,NA,NA,NA,NA,NA,NA,NA,NA,NA,NA,0,NA,NA,NA,NA,NA,NA,NA,NA,NA,NA,10,0.0000000 0.5000000 1.0000000 1.5000000 2.0000000 2.5000000 3.0000000 3.5000000 4.0000000 4.5000000,4335.1827,4031.4285,221.8744,34.9859,9.9962,4.2983,5.4551,6.0675,4.2071,2.0447,14.825,325.1099,208.4237,45.7173,13.2143,5.3692,2.93,4.7409,6.1847,4.8322,2.7277,30.9699,103.4857,66.3433,14.5523,4.2063,1.7091,0.9326,1.5091,1.9686,1.5381,0.8683,9.858,9.6934,1.23,0.7783,0.4038,0.2313,0.1595,0.3288,0.5025,0.442,0.2899,5.3273,37654,105,5,3,2,0,1,2,0,4,NA,NA,NA,NA,NA,NA
T,PC,21,PC_T21,Davide,16/04/2024 17:05:01,ScannerOrCamera,EPSON EPSON Scan 2 EPSON Expression 12000XL 2.2 V6.6 6.6.64.35952,1084.6074,27.8928,38.8848,0 0 6592 9190  0,MAG ANG DIAM LEN,Grey Intr cm 0.004231 0.004231,GreyThdAutom-139,Smooth Off Area Off LWRatio Off,Off,0.006,2781.3881,0,84.155,0,264.3808,0,0.3026,0,463564.6889,0,2,0,0,22653,13465,2508,NA,NA,NA,NA,NA,NA,NA,NA,NA,NA,NA,NA,NA,NA,NA,NA,NA,NA,0,NA,NA,NA,NA,NA,NA,NA,NA,NA,NA,10,0.0000000 0.5000000 1.0000000 1.5000000 2.0000000 2.5000000 3.0000000 3.5000000 4.0000000 4.5000000,2780.5746,2508.6897,184.1484,34.0692,21.1952,6.5125,3.5649,3.8414,3.529,2.63,12.3944,241.0242,136.1924,37.3152,13.0596,11.368,4.5717,3.0046,3.8003,4.0911,3.569,24.0521,76.7204,43.3514,11.8778,4.157,3.6186,1.4552,0.9564,1.2097,1.3022,1.1361,7.656,7.6608,0.8384,0.625,0.4039,0.4886,0.2565,0.2023,0.2994,0.3777,0.3858,3.7832,22572,58,15,2,1,2,0,0,0,3,NA,NA,NA,NA,NA,NA
T,PC,22,PC_T22,Davide,16/04/2024 17:21:27,ScannerOrCamera,EPSON EPSON Scan 2 EPSON Expression 12000XL 2.2 V6.6 6.6.64.35952,1084.6074,27.8928,38.8848,0 0 6592 9190  0,MAG ANG DIAM LEN,Grey Intr cm 0.004231 0.004231,GreyThdAutom-137,Smooth Off Area Off LWRatio Off,Off,0.006,2806.6289,0,104.508,0,328.3215,0,0.3724,0,467771.4873,0,3.056,0,0,21101,14677,2067,NA,NA,NA,NA,NA,NA,NA,NA,NA,NA,NA,NA,NA,NA,NA,NA,NA,NA,0,NA,NA,NA,NA,NA,NA,NA,NA,NA,NA,10,0.0000000 0.5000000 1.0000000 1.5000000 2.0000000 2.5000000 3.0000000 3.5000000 4.0000000 4.5000000,2805.7304,2405.4618,254.9208,81.243,27.2352,7.2754,1.5403,0.7122,4.1392,2.6037,20.5988,301.1612,147.5886,53.0917,31.5659,14.4877,5.0457,1.2898,0.7106,4.9186,3.4062,39.0565,95.8626,46.9789,16.8996,10.0477,4.6116,1.6061,0.4105,0.2262,1.5656,1.0842,12.4321,10.7932,0.9878,0.9167,0.988,0.6169,0.2795,0.0861,0.0565,0.4658,0.355,6.0409,20954,116,16,5,4,2,1,1,0,2,NA,NA,NA,NA,NA,NA
T,PC,23,PC_T23,Davide,16/04/2024 17:34:00,ScannerOrCamera,EPSON EPSON Scan 2 EPSON Expression 12000XL 2.2 V6.6 6.6.64.35952,1084.6074,27.8928,38.8848,0 0 6592 9190  0,MAG ANG DIAM LEN,Grey Intr cm 0.004231 0.004231,GreyThdAutom-142,Smooth Off Area Off LWRatio Off,Off,0.006,3219.9856,0,80.699700000000007,0,253.5257,0,0.2506,0,536664.2623,0,1.588,0,0,25861,19504,3782,NA,NA,NA,NA,NA,NA,NA,NA,NA,NA,NA,NA,NA,NA,NA,NA,NA,NA,0,NA,NA,NA,NA,NA,NA,NA,NA,NA,NA,10,0.0000000 0.5000000 1.0000000 1.5000000 2.0000000 2.5000000 3.0000000 3.5000000 4.0000000 4.5000000,3218.6588,3012.7636,160.0543,20.9504,5.934,3.1874,2.3509,0,0.1189,0.3355,12.9639,223.38,140.7654,32.1982,8.0827,3.1676,2.2348,1.9656,0,0.1532,0.4619,34.3508,71.1041,44.807,10.249,2.5728,1.0083,0.7114,0.6257,0,0.0488,0.147,10.9342,9.6253,0.7642,0.5338,0.2511,0.1354,0.1251,0.1312,0,0.0142,0.0506,7.6199,25771,77,6,5,0,1,0,0,0,1,NA,NA,NA,NA,NA,NA
T,PC,24,PC_T24,Davide,16/04/2024 17:44:55,ScannerOrCamera,EPSON EPSON Scan 2 EPSON Expression 12000XL 2.2 V6.6 6.6.64.35952,1084.6074,27.8928,38.8848,0 0 6592 9190  0,MAG ANG DIAM LEN,Grey Intr cm 0.004231 0.004231,GreyThdAutom-140,Smooth Off Area Off LWRatio Off,Off,0.006,3343.199,0,80.6956,0,253.5129,0,0.2414,0,557199.8305,0,1.53,0,0,32254,18455,3823,NA,NA,NA,NA,NA,NA,NA,NA,NA,NA,NA,NA,NA,NA,NA,NA,NA,NA,0,NA,NA,NA,NA,NA,NA,NA,NA,NA,NA,10,0.0000000 0.5000000 1.0000000 1.5000000 2.0000000 2.5000000 3.0000000 3.5000000 4.0000000 4.5000000,3341.9724,3165.7967,111.7644,34.2802,4.4609,3.6827,2.7611,1.2693,1.5781,3.1662,13.2126,226.0305,150.1245,24.381,12.7824,2.3789,2.6739,2.3609,1.2915,1.8763,4.2683,23.8928,71.9477,47.7861,7.7607,4.0688,0.7572,0.8511,0.7515,0.4111,0.5973,1.3586,7.6053,6.2735,0.8003,0.4433,0.3834,0.1015,0.1548,0.1612,0.1049,0.1778,0.4585,3.4878,32133,103,11,0,2,0,0,0,0,5,NA,NA,NA,NA,NA,NA
T,PC,25,PC_T25,Davide,16/04/2024 18:00:19,ScannerOrCamera,EPSON EPSON Scan 2 EPSON Expression 12000XL 2.2 V6.6 6.6.64.35952,1084.6074,27.8928,38.8848,0 0 6592 9190  0,MAG ANG DIAM LEN,Grey Intr cm 0.004231 0.004231,GreyThdAutom-137,Smooth Off Area Off LWRatio Off,Off,0.006,2034.0672,0,76.2713,0,239.6134,0,0.375,0,339011.1966,0,2.246,0,0,13935,9422,1398,NA,NA,NA,NA,NA,NA,NA,NA,NA,NA,NA,NA,NA,NA,NA,NA,NA,NA,0,NA,NA,NA,NA,NA,NA,NA,NA,NA,NA,10,0.0000000 0.5000000 1.0000000 1.5000000 2.0000000 2.5000000 3.0000000 3.5000000 4.0000000 4.5000000,2033.5442,1783.3509,175.7134,35.7623,6.2073,1.0706,4.1251,2.9085,2.564,1.2345,20.6077,220.6705,107.4623,37.9321,13.7077,3.1813,0.7171,3.6664,2.8925,3.0005,1.6693,46.4412,70.2416,34.2063,12.0742,4.3633,1.0127,0.2283,1.1671,0.9207,0.9551,0.5313,14.7827,11.5529,0.7018,0.6776,0.4243,0.1301,0.0383,0.2599,0.2293,0.2796,0.1798,8.6323,13763,139,22,6,1,1,1,0,0,2,NA,NA,NA,NA,NA,NA
